kingdom,group,type,calendar_id,website,social,date_last_checked,location,lat,lng
testing,hi,this,is,Nika,,,,,,
Kingdom of AEthelmearc,Barony of Blackstone Mountain,barony,https://calendar.google.com/calendar/ical/c_d6453db8285ea1492aab076fe4949bcacfb84af6b4ac35188ca7b0e1bbeba2f2%40group.calendar.google.com/public/basic.ics,https://blackstonemountain.aethelmearc.org/index.html,,2026-06-22,"South-Central, WV",39.34563,-81.522901
Kingdom of AEthelmearc,Barony of Delftwood,barony,https://calendar.google.com/calendar/ical/bni344ah5mpqqut0m4b3gsshos%40group.calendar.google.com/public/basic.ics,http://delftwood.aethelmearc.org/,,2026-06-22,"Syracuse, NY",43.048122,-76.147424
Kingdom of AEthelmearc,Barony of Endless Hills,barony,No Calendar Available,http://endlesshills.aethelmearc.org/,,2026-06-22,"Northeastern, PA",40.064833,-76.715664
Kingdom of AEthelmearc,Barony of Rhydderich Hael,barony,https://calendar.google.com/calendar/ical/c_hk52o44q9htpbnme5lrhh07cms%40group.calendar.google.com/public/basic.ics,http://hael.aethelmearc.org/,,2026-06-22,"Niagara Frontier, NY",42.919431,-78.830998
Kingdom of AEthelmearc,Barony of St. Swithin’s Bog,barony,https://calendar.google.com/calendar/ical/c_8d6a8f3d25875c3a684c1b9d9183385297df27a629a58cf35e5df3ca84929486%40group.calendar.google.com/public/basic.ics,http://stswithinsbog.aethelmearc.org/,,2026-06-22,"Cambria, Somerset, Bedford and Westmoreland Co, PA",40.24118,-78.880202
Kingdom of AEthelmearc,Barony of Thescorre,barony,https://calendar.google.com/calendar/ical/thescorre%40aethelmearc.org/public/basic.ics,http://thescorre.aethelmearc.org/,,2026-06-22,"Rochester, NY",43.157285,-77.615214
Kingdom of AEthelmearc,Canton of Beau Fleuve,canton,No Calendar Available,http://beaufleuve.aethelmearc.org/,,2026-06-22,"Niagara Falls, NY",43.084841,-79.070179
Kingdom of AEthelmearc,Canton of Dunloch,canton,No Calendar Available,https://dunloch.aethelmearc.org,,2026-06-22,"Oswego County, NY",43.411297,-76.127984
Kingdom of AEthelmearc,College of Arx Collis,college,No Calendar Available,https://arxcollis.aethelmearc.org,,2026-06-22,"West Liberty University, WV",40.161576,-80.597888
Kingdom of AEthelmearc,College of Silva Vulcani,college,No Calendar Available,https://silvavulcani.wixsite.com/silvavulcani,,2026-06-22,"California University, PA",40.064431,-79.884398
Kingdom of AEthelmearc,Shire of Abhainn Ciach Ghlais,shire,No Calendar Available,http://www.shireofacg.org/,,2026-06-22,"Clinton, Columbia, Lycoming, Montour, Northumberland, Snyder, Sullivan, Tioga, and Union Co, PA",41.049445,-76.931095
Kingdom of AEthelmearc,Shire of Angel's Keep,shire,No Calendar Available,http://angelskeep.aethelmearc.org/,,2026-06-22,"Auburn, NY",42.93202,-76.567203
Kingdom of AEthelmearc,Shire of Ballachlagan,shire,No Calendar Available,https://ballachlagan.aethelmearc.org/,,2026-06-22,"Northern Panhandle, WV",40.078229,-80.696672
Kingdom of AEthelmearc,Shire of Blackwater,shire,No Calendar Available,https://www.facebook.com/Shire-of-Blackwater-241721706321311/,,2026-06-22,"Cattaraugus and Allegany, NY",42.223482,-78.64771
Kingdom of AEthelmearc,Shire of Coppertree,shire,http://localendar.com/public/Coppertree?style=X2,http://coppertree.aethelmearc.org/,,2026-06-22,"Rome and Utica, NY",43.21022,-75.458396
Kingdom of AEthelmearc,Shire of Courtlandtslot,shire,Practices added manually,https://courtlandtslot.aethelmearc.org/,,2026-06-22,"Cortland Co, NY",42.584214,-76.070491
Kingdom of AEthelmearc,Shire of Hartstone,shire,No Calendar Listed,http://hartstone.aethelmearc.org/,,2026-06-22,"Livingston, Steuben Co, NY",42.5458,-77.667862
Kingdom of AEthelmearc,Shire of Heronter,shire,https://calendar.google.com/calendar/ical/webminister%40heronter.aethelmearc.org/public/basic.ics,https://heronter.aethelmearc.org/,,2026-06-22,"Jamestown/Chautauqua Region, NY",42.097971,-79.241311
Kingdom of AEthelmearc,Shire of Hunter's Home,shire,https://calendar.google.com/calendar/ical/ilgmadk98igoqh1ccgvae09kvo%40group.calendar.google.com/public/basic.ics,http://huntershome.aethelmearc.org,,2026-06-22,"Erie, Crawford, Mercer, Lawrence, Venango, Clarion, & Forest Counties, PA",41.46563,-80.022599
Kingdom of AEthelmearc,Shire of King's Crossing,shire,No Calendar Listed,http://kingscrossing.aethelmearc.org/,,2026-06-22,"Washington and Greene Counties, PA",40.19438,-80.254125
Kingdom of AEthelmearc,Shire of Misty Highlands,shire,No Calendar Listed,https://mistyhighlands.aethelmearc.org/,,2026-06-22,"North Central, WV",39.299502,-80.228432
Kingdom of AEthelmearc,Shire of Nithgaard,shire,https://calendar.google.com/calendar/ical/ojehlsurm28decfq5qjhalom7o%40group.calendar.google.com/public/basic.ics,http://nithgaard.aethelmearc.org/,,2026-06-22,"State College, PA",40.79445,-77.861639
Kingdom of AEthelmearc,Shire of Port Oasis,shire,No Calendar Listed,https://portoasis.aethelmearc.org/,,2026-06-22,"Huntington, WV",38.41925,-82.445154
Kingdom of AEthelmearc,Shire of Steltonwald,shire,No Calendar Listed,https://steltonwald.aethelmearc.org/,,2026-06-22,"Beaver Co, PA",40.691662,-80.371
Kingdom of AEthelmearc,Shire of Sterlynge Vayle,shire,https://calendar.google.com/calendar/ical/sterlyngevayle%40webminister.aethelmearc.org/public/basic.ics,http://sterlyngevayle.aethelmearc.org/,,2026-06-22,"Binghamton, NY",42.098698,-75.912519
Kingdom of AEthelmearc,Shire of Sunderoak,shire,No Calendar Listed,http://sunderoak.aethelmearc.org,,2026-06-22,"Butler, PA",40.860467,-79.897052
Kingdom of AEthelmearc,Shire of Sylvan Glen,shire,https://calendar.google.com/calendar/ical/c_ca13f21cdef08eb3becc0434bbfd2f5dd923141f8e73489f9b46fef35338e4ec%40group.calendar.google.com/public/basic.ics,http://sylvanglen.aethelmearc.org/,,2026-06-22,"Eastern Panhandle, WV",39.457499,-77.965017
Kingdom of AEthelmearc,Shire of Wyntersett,shire,No Calendar Listed,https://wyntersett.aethelmearc.org/,,2026-06-22,"Watertown and Fort Drum, NY",43.974784,-75.910757
Kingdom of AEthelmearc,Barony-Marche of the Debatable Lands,barony,https://calendar.google.com/calendar/ical/ibb4efj077r3gc9kkqvgcik39s%40group.calendar.google.com/public/basic.ics,https://debatablelands.aethelmearc.org/,,,,,
Kingdom of AEthelmearc,Dominion of Myrkfaelinn,barony,https://calendar.google.com/calendar/ical/qa1439mm9bjl7qeki5au9rn8muiqoj8r%40import.calendar.google.com/public/basic.ics,https://myrkfaelinn.aethelmearc.org/,,,,,
Kingdom of An Tir,Barony of Adiantum,barony,https://calendar.google.com/calendar/ical/quh9m8e51pjkq2vls3of2keif46lvfb5%40import.calendar.google.com/public/basic.ics,http://adiantum.antir.sca.org/,,2026-06-22,"Eugene, OR",44.050505,-123.095051
Kingdom of An Tir,Barony of Aquaterra,barony,https://aquaterra.antir.org/my-calendar/?vcal=845,http://aquaterra.antir.sca.org/,,2026-06-22,"Bremerton, WA",47.565366,-122.624684
Kingdom of An Tir,Barony of Blatha an Oir,barony,https://calendar.google.com/calendar/ical/06khlsejmr1dl0pc5nrqa2oojuvj82mt%40import.calendar.google.com/public/basic.ics,http://blathaanoir.antir.sca.org/,,2026-06-22,"Whitefish, MT",48.410802,-114.334624
Kingdom of An Tir,Barony of Dragon's Mist,barony,https://calendar.google.com/calendar/ical/2e0aa29a41e259a9a821a45d94e70d38c86771eb81e2ec9c37bcce82ba739072%40group.calendar.google.com/public/basic.ics,https://dragonsmist.antir.org/,,2026-06-22,"Hillsboro, OR",45.522894,-122.989827
Kingdom of An Tir,Barony of Dragons Laire,barony,No Calendar Available,https://dragonslaire.antir.org/wordpress/events/,,2026-06-22,"Silverdale, WA",47.659409,-122.676632
Kingdom of An Tir,Barony of Glymm Mere,barony,No Calendar Available,https://glymmmere.antir.org/,,2026-06-22,"Olympia, WA",47.045102,-122.895008
Kingdom of An Tir,Barony of Glyn Dwfn,barony,No Calendar Available,http://glyndwfn.antir.sca.org,,2026-06-22,"Medford, OR",42.326418,-122.87186
Kingdom of An Tir,Barony of Lions Gate,barony,No Calendar Available,https://antir.org/branches/kingdom-of-an-tir/principality-of-tir-righ/barony-of-lions-gate/,,2026-06-22,"Vancouver, BC, Canada",49.260872,-123.113952
Kingdom of An Tir,Barony of Madrone,barony,https://www.google.com/calendar/ical/baronyofmadrone%40gmail.com/public/basic.ics,http://baronyofmadrone.net/,,2026-06-22,"Seattle, WA",47.603832,-122.330062
Kingdom of An Tir,Barony of Seagirt,barony,No Calendar Available,http://seagirt.tirrigh.org/,,2026-06-22,"Victoria, BC, Canada",48.428318,-123.364953
Kingdom of An Tir,Barony of Stromgard,barony,No Calendar Available,https://www.stromgard-sca.org/,,2026-06-22,"Surrey, BC, Canada",49.191303,-122.849143
Kingdom of An Tir,Barony of Terra Pomaria,barony,No Calendar Available,http://terrapomaria.antir.sca.org/,,2026-06-22,"Salem, OR",44.939157,-123.033121
Kingdom of An Tir,Barony of Three Mountains,barony,https://calendar.google.com/calendar/ical/r7eemg8u2kj40kdrmg07lsmbnn4p2ipk%40import.calendar.google.com/public/basic.ics,http://baronyofthreemountains.org/,,2026-06-22,"Portland, OR",45.520247,-122.674194
Kingdom of An Tir,Barony of Vulcanfeldt,barony,No Calendar Available,https://vulcanfeldt.antir.org/,,2026-06-22,"Spokane, WA",47.657193,-117.42351
Kingdom of An Tir,Barony of Wastekeep,barony,https://wastekeep.antir.org/events/?ical=1,https://wastekeep.antir.org,,2026-06-22,"Kennewick, WA",46.208707,-119.119919
Kingdom of An Tir,Barony of Wealdsmere,barony,https://calendar.google.com/calendar/ical/webminister%40baronyofwealdsmere.org/public/basic.ics,http://wealdsmere.antir.org/,,2026-06-22,"Lynnwood, WA",47.827866,-122.305393
Kingdom of An Tir,Barony of Wyewood,barony,https://calendar.google.com/calendar/ical/wyewood.webster%40gmail.com/public/basic.ics,http://www.wyewood.org/wp/,,2026-06-22,"Federal Way, WA",47.313494,-122.33931
Kingdom of An Tir,Canton of Akornebir,canton,No Calendar Available,https://akornebir.antir.org/wordpress/,,2026-06-22,"Mount Vernon, WA",48.420046,-122.32642
Kingdom of An Tir,Canton of Caladphort,canton,No Calendar Available,https://glymmmere.antir.org/caladphort-officers/,,2026-06-22,"Oak Harbor, WA",48.293156,-122.643224
Kingdom of An Tir,Canton of Crows Gate,canton,No Calendar Available,https://glymmmere.antir.org/crows-gate-officers/,,2026-06-22,"Tacoma, WA",47.245501,-122.438329
Kingdom of An Tir,Canton of Kaldor Ness,canton,https://calendar.google.com/calendar/ical/r7eemg8u2kj40kdrmg07lsmbnn4p2ipk%40import.calendar.google.com/public/basic.ics,https://www.baronyofthreemountains.org/,,2026-06-22,"Edmonds, WA",47.810574,-122.377495
Kingdom of An Tir,Canton of Misty Ridge,canton,No Calendar Listed,https://dragonslaire.antir.org/wordpress/misty-ridge/,,2026-06-22,"Issaquah, WA",47.534878,-122.043297
Kingdom of An Tir,Canton of Porte de l'Eau,canton,No Calendar Available,https://porte-de-leau.antir.org/,,2026-06-22,"Tukwila, WA",47.462736,-122.255916
Kingdom of An Tir,College of Cranehaven,college,No Calendar Available,https://cranehaven.antir.org/,,2026-06-22,"Bellingham, WA",48.754401,-122.478836
Kingdom of An Tir,College of Lyonsmarche,college,No Calendar Available,http://lyonsmarche.antir.org/,,2026-06-22,"Seattle, WA",47.603832,-122.330062
Kingdom of An Tir,Principality of Tir Righ,principality,No Calendar Available,http://www.tirrigh.org/,,2026-06-22,"Burnaby, BC, Canada",49.24338,-122.972545
Kingdom of An Tir,Principality of the Summits,principality,No Calendar Available,http://summits.antir.sca.org/,,2026-06-22,"Springfield, OR",44.046236,-123.022029
Kingdom of An Tir,Shire of Appledore,shire,No Calendar Listed,https://www.facebook.com/AppledoreSCA,,2026-06-22,"Prince Rupert, BC, Canada",54.312657,-130.32549
Kingdom of An Tir,Shire of Briaroak,shire,No Calendar Listed,http://briaroak.antir.sca.org/,,2026-06-22,"Roseburg, OR",43.216505,-123.341738
Kingdom of An Tir,Shire of Coeur du Val,shire,No Calendar Available,http://cdv.antir.org/,,2026-06-22,"Corvallis, OR",44.564566,-123.262044
Kingdom of An Tir,Shire of Coill Mhór,shire,No Calendar Listed,https://coillmhor.tirrigh.org/,,2026-06-22,"Williams Lake, BC, Canada",52.129266,-122.139726
Kingdom of An Tir,Shire of Cold Keep,shire,No Calendar Available,https://coldkeep.tirrigh.org/,,2026-06-22,"Whitehorse, YT, Canada",60.721571,-135.054932
Kingdom of An Tir,Shire of Corvaria,shire,No Calendar Listed,http://corvaria.antir.sca.org/wp/,,2026-06-22,"Bend, OR",44.058173,-121.31531
Kingdom of An Tir,Shire of Danescombe,shire,https://calendar.google.com/calendar/ical/0ge5sk0h8opb6gtejjno5p1idjp7ola5%40import.calendar.google.com/public/basic.ics,https://danescombe.tirrigh.org/,,2026-06-22,"Kelowna, BC, Canada",49.887918,-119.495902
Kingdom of An Tir,Shire of Hartwood,shire,https://calendar.google.com/calendar/ical/b3bc77aa2ba3ce41dbb73bbf22083cb16e050da6b39fcdb9a209de99eeb97731%40group.calendar.google.com/public/basic.ics,http://hartwood.tirrigh.org/,,2026-06-22,"Courtenay, BC, Canada",49.689406,-124.995496
Kingdom of An Tir,Shire of Hauksgarðr,shire,No Calendar Listed,https://antir.org/branches/kingdom-of-an-tir/shire-of-hauksgardr/,,2026-06-22,"Bothell, WA",47.76232,-122.205404
Kingdom of An Tir,Shire of Krakafjord,shire,No Calendar Available,https://www.facebook.com/groups/krakafjord,,2026-06-22,"Vernon, BC, Canada",50.266867,-119.271816
Kingdom of An Tir,Shire of Lionsdale,shire,No Calendar Available,http://lionsdale.tirrigh.org/,,2026-06-22,"Squamish, BC, Canada",49.698074,-123.155861
Kingdom of An Tir,Shire of Mountain Edge,shire,https://calendar.google.com/calendar/ical/pf5vrfgnf1la1i9stuot3u1ran8lifcj%40import.calendar.google.com/public/basic.ics,https://mountainedge.antir.org,,2026-06-22,"Florence, OR",43.980009,-124.101309
Kingdom of An Tir,Shire of Myrtle Holt,shire,No Calendar Available,https://antir.org/branches/kingdom-of-an-tir/summits/shire-of-myrtle-holt/,,2026-06-22,"Coos Bay, OR",43.367894,-124.217465
Kingdom of An Tir,Shire of Ramsgaard,shire,No Calendar Available,https://ramsgaard.tirrigh.org/,,2026-06-22,"Kamloops, BC, Canada",50.675827,-120.339415
Kingdom of An Tir,Shire of River's Bend,shire,No Calendar Available,https://antir.org/branches/kingdom-of-an-tir/shire-of-rivers-bend/,,2026-06-22,"Renton, WA",47.479908,-122.20345
Kingdom of An Tir,Shire of Southmarch,shire,https://calendar.google.com/calendar/ical/southmarch.webminister%40gmail.com/public/basic.ics,https://southmarch.antir.sca.org/,,2026-06-22,"Ashland, OR",42.197249,-122.7154
Kingdom of An Tir,Shire of Thornwold,shire,No Calendar Available,http://thornwold.tirrigh.org/,,2026-06-22,"Powell River, BC, Canada",49.835676,-124.524412
Kingdom of An Tir,Shire of Tir Bannog,shire,No Calendar Listed,https://antir.org/branches/kingdom-of-an-tir/principality-of-tir-righ/shire-of-tir-bannog/,,2026-06-22,"Prince George, BC, Canada",53.912864,-122.74537
Kingdom of An Tir,Shire of Tymberhavene,shire,No Calendar Available,https://tymberhavene.antir.org/,,2026-06-22,"Klamath Falls, OR",42.224867,-121.78167
Kingdom of Ansteorra,Barony of Bjornsborg,barony,No Calendar Listed,https://ansteorra.org/bjornsborg,,2026-06-22,"San Antonio, Texas",29.4246,-98.495141
Kingdom of Ansteorra,Barony of Bonwicke,barony,No Calendar Listed,https://ansteorra.org/bonwicke,,2026-06-22,"Lubbock, Texas",33.585568,-101.847021
Kingdom of Ansteorra,Barony of Bordermarch,barony,https://calendar.google.com/calendar/ical/webminister%40bordermarch.ansteorra.org/public/basic.ics,https://ansteorra.org/bordermarch,,2026-06-22,"Beaumont, Texas",30.082934,-94.098428
Kingdom of Ansteorra,Barony of Bryn Gwlad,barony,https://calendar.google.com/calendar/ical/webminister%40bryn-gwlad.ansteorra.org/public/basic.ics,https://ansteorra.org/bryn-gwlad,,2026-06-22,"Austin, Texas",30.271129,-97.7437
Kingdom of Ansteorra,Barony of Elfsea,barony,No Calendar Available,https://ansteorra.org/elfsea/,,2026-06-22,"Fort Worth, Texas",32.753177,-97.332746
Kingdom of Ansteorra,Barony of Loch Soilleir,barony,https://calendar.google.com/calendar/ical/webminister%40loch-soilleir.ansteorra.org/public/basic.ics,https://ansteorra.org/loch-soilleir/,,2026-06-22,"League City, Texas",29.507454,-95.09493
Kingdom of Ansteorra,Barony of Namron,barony,No Calendar Listed,https://ansteorra.org/namron,,2026-06-22,"Norman, Oklahoma",35.222572,-97.439482
Kingdom of Ansteorra,Barony of Northkeep,barony,No Calendar Available,https://ansteorra.org/northkeep,,2026-06-22,"Tulsa, Oklahoma",36.156312,-95.992752
Kingdom of Ansteorra,Barony of Wiesenfeuer,barony,https://calendar.google.com/calendar/ical/webminister%40wiesenfeuer.ansteorra.org/public/basic.ics,https://ansteorra.org/wiesenfeuer,,2026-06-22,"Oklahoma City, Oklahoma",35.472989,-97.517054
Kingdom of Ansteorra,Barony of the Eldern Hills,barony,https://calendar.google.com/calendar/ical/c_645faa2a21fc7ebfcd1fa39a41bdbcd66931f185b5aa714e75af58b32c0491cf%40group.calendar.google.com/public/basic.ics,https://ansteorra.org/eldern-hills/,,2026-06-22,"Lawton, Oklahoma",34.605198,-98.395228
Kingdom of Ansteorra,Barony of the Stargate,barony,https://calendar.google.com/calendar/ical/webminister%40stargate.ansteorra.org/public/basic.ics,https://ansteorra.org/stargate,,2026-06-22,"Houston, Texas",29.758938,-95.367697
Kingdom of Ansteorra,Barony of the Steppes,barony,https://calendar.google.com/calendar/ical/steppes.ansteorra.org_p99m0mt1654cmg959rea97j754%40group.calendar.google.com/public/basic.ics,https://ansteorra.org/steppes,,2026-06-22,"Dallas, Texas",32.776272,-96.796856
Kingdom of Ansteorra,Canton of Chemin Noir,canton,No Calendar Listed,https://ansteorra.org/chemin-noir/,,2026-06-22,"Bartlesville, Oklahoma",36.750927,-95.977178
Kingdom of Ansteorra,Canton of Glaslyn,canton,No Calendar Listed,https://ansteorra.org/glaslyn,,2026-06-22,"Denton, Texas",33.183879,-97.141342
Kingdom of Ansteorra,Canton of Myrgenfeld,canton,No Calendar Listed,https://ansteorra.org/myrgenfeld/,,2026-06-22,"Guthrie, Oklahoma",35.878923,-97.425277
Kingdom of Ansteorra,Canton of Skorragarðr,canton,No Calendar Listed,https://ansteorra.org/skorragardr/,,2026-06-22,"Shawnee, Oklahoma",35.327293,-96.9253
Kingdom of Ansteorra,Province of Mooneschadowe,province,No Calendar Listed,https://ansteorra.org/mooneschadowe/,,2026-06-22,"Stillwater, Oklahoma",36.115631,-97.058572
Kingdom of Ansteorra,Riding of Marata,riding,No Calendar Listed,https://ansteorra.org/marata/,,2026-06-22,"Enid, Oklahoma",36.396762,-97.879134
Kingdom of Ansteorra,Shire of Adlersruhe,shire,No Calendar Listed,https://ansteorra.org/adlersruhe/,,2026-06-22,"Amarillo, Texas",35.20729,-101.837119
Kingdom of Ansteorra,Shire of Brad Leah,shire,No Calendar Listed,https://ansteorra.org/brad-leah,,2026-06-22,"Wichita Falls, Texas",33.900457,-98.502078
Kingdom of Ansteorra,Shire of Ffynnon Gath,shire,No Calendar Listed,https://ansteorra.org/ffynnon-gath/,,2026-06-22,"San Marcos, Texas",29.882644,-97.940583
Kingdom of Ansteorra,Shire of Graywood,shire,No Calendar Listed,https://ansteorra.org/graywood/,,2026-06-22,"Lufkin, Texas",31.338624,-94.728856
Kingdom of Ansteorra,Shire of Rosenfeld,shire,No Calendar Listed,https://ansteorra.org/rosenfeld,,2026-06-22,"Tyler, Texas",32.35126,-95.301062
Kingdom of Ansteorra,Shire of Seawinds,shire,No Calendar Listed,https://ansteorra.org/seawinds/,,2026-06-22,"Corpus Christi, Texas",27.76353,-97.403319
Kingdom of Ansteorra,Shire of the Shadowlands,shire,No Calendar Listed,https://ansteorra.org/shadowlands,,2026-06-22,"College Station, Texas",30.618394,-96.345599
Kingdom of Ansteorra,Stronghold of Hellsgate,stronghold,No Calendar Listed,https://ansteorra.org/hellsgate,,2026-06-22,"Killeen, Texas",31.117144,-97.727796
Kingdom of Artemisia,Barony of Arn Hold,barony,No Calendar Listed,https://www.facebook.com/groups/baronyarnhold/,,2026-06-22,"Boise, ID and Nampa, ID",43.987352,-115.739019
Kingdom of Artemisia,Barony of Bronzehelm,barony,No Calendar Listed,http://www.bronzehelm.org,,2026-06-22,"Billings, MT",45.787496,-108.49607
Kingdom of Artemisia,Barony of Gryphon's Lair,barony,No Calendar Listed,https://www.facebook.com/groups/gryphonslair/,,2026-06-22,"Ogden, UT",41.223005,-111.973843
Kingdom of Artemisia,Barony of Loch Salann,barony,https://calendar.google.com/calendar/ical/baronyoflochsalann%40gmail.com/public/basic.ics,http://www.lochsalann.org,,2026-06-22,"Salt Lake City, UT",40.75962,-111.886797
Kingdom of Artemisia,Barony of One Thousand Eyes,barony,https://calendar.google.com/calendar/ical/baronyofonethousandeyes%40gmail.com/public/basic.ics,https://www.onethousandeyes.org/,,2026-06-22,"Idaho Falls, ID",43.488791,-112.03628
Kingdom of Artemisia,Barony of Sentinels' Keep,barony,https://calendar.google.com/calendar/ical/bskwebminister%40gmail.com/public/basic.ics,https://www.sentinels-keep.org,,2026-06-22,"Missoula/Butte, MT",46.022804,-112.552147
Kingdom of Artemisia,Shire of Arrow's Flight,shire,https://calendar.google.com/calendar/ical/0ca3c8b767cb096f3070e786decb69d900d93ce28e74af8411e87178eb04fca2%40group.calendar.google.com/public/basic.ics,http://arrowsflight.org/,,2026-06-22,"Provo, UT",40.233729,-111.658709
Kingdom of Artemisia,Shire of Cote du Ciel,shire,No Calendar Listed,https://www.facebook.com/groups/372899743885/,,2026-06-22,"Logan/Willard/Brigham City , UT",41.731306,-111.834914
Kingdom of Artemisia,Shire of River Serponnde,shire,No Calendar Listed,https://www.facebook.com/groups/shireriverserpent,,2026-06-22,"Twin Falls, ID",42.555854,-114.470068
Kingdom of Artemisia,Shire of Silver Keep,shire,No Calendar Listed,https://www.facebook.com/groups/366020795445/,,2026-06-22,Bozeman. MT,45.679429,-111.044047
Kingdom of Artemisia,Shire of Stan Wyrm,shire,No Calendar Listed,https://www.facebook.com/groups/shireofstanwyrm/,,2026-06-22,"Great Falls, MT",47.504885,-111.29189
Kingdom of Artemisia,Shire of Stonegate,shire,https://calendar.google.com/calendar/ical/c_36b878cf4097295090f605e572af29095c917a9be1452e16be9c6840608b3d42%40group.calendar.google.com/public/basic.ics ,https://www.facebook.com/ShireOfStonegate,,2026-06-22,"Pocatello, ID",42.862029,-112.450627
Kingdom of Artemisia,Shire of Windegate,shire,No Calendar Listed,https://www.facebook.com/groups/391521170049,,2026-06-22,"Shelby, MT",48.5055,-111.856872
Kingdom of Atenveldt,Barony Of Mons Tonitrus,barony,https://calendar.google.com/calendar/ical/c_1788594574f5997f5c75eb9cf8e7525e06b5f84f26509effbd85a8943486876b%40group.calendar.google.com/public/basic.ics,http://bmmt.org,,2026-06-22,"Sierra Vista, Arizona",31.564769,-110.274299
Kingdom of Atenveldt,Barony of Atenveldt,barony,https://calendar.google.com/calendar/ical/calendar%40baronyofatenveldt.org/public/basic.ics,http://baronyofatenveldt.org,,2026-06-22,"Phoenix, Arizona",33.448437,-112.074141
Kingdom of Atenveldt,Barony of Ered Sul,barony,No Calendar Available,http://baronyoferedsul.org,,2026-06-22,"Flagstaff, Arizona",35.198752,-111.651822
Kingdom of Atenveldt,Barony of Granite Mountain,barony,No Calendar Available,http://baronyofgranitemountain.org,,2026-06-22,"Prescott, Arizona",34.539984,-112.468812
Kingdom of Atenveldt,Barony of Sun Dragon,barony,https://calendar.google.com/calendar/ical/chronicler%40baronyofsundragon.org/public/basic.ics,http://baronyofsundragon.org,,2026-06-22,"Glendale, Arizona",33.538686,-112.185994
Kingdom of Atenveldt,Barony of Tir Ysgithr,barony,https://calendar.google.com/calendar/ical/webmin%40btysca.org/public/basic.ics,http://btysca.org,,2026-06-22,"Tucson, Arizona",32.222876,-110.974847
Kingdom of Atenveldt,Barony of Twin Moons,barony,No Calendar Available,http://baronyoftwinmoons.org,,2026-06-22,"Mesa, Arizona",33.415101,-111.831455
Kingdom of Atenveldt,Shire of Burning Sands,shire,https://calendar.google.com/calendar/ical/sp0dd7gvtdoahp4j7gd4rt2qmnk0s8gs%40import.calendar.google.com/public/basic.ics,http://burningsands.atenveldt.org,,2026-06-22,"Yuma, Arizona",32.725422,-114.619809
Kingdom of Atenveldt,Shire of Windale,shire,No Calendar Available,http://windale.atenveldt.org,,2026-06-22,"Kingman, Arizona",35.189592,-114.0533
Kingdom of Atlantia,Barony of Black Diamond,barony,https://calendar.google.com/calendar/ical/seneschal%40blackdiamond.atlantia.sca.org/public/basic.ics,https://blackdiamond.atlantia.sca.org/,,2026-06-22,"Cities of Bedford, Covington, Lexington and Lynchburg, Appomattox, Bedford, Campbell, Craig, Floyd, Giles, Montgomery, Pittsylvania, Pulaski, Radford, Roanoke, Rockbridge, Salem, Tazewll, Wise",37.305123,-79.2477
Kingdom of Atlantia,Barony of Bright Hills,barony,https://calendar.google.com/calendar/ical/2gskgfm3tsnsjmoe6go08lb56o%40group.calendar.google.com/public/basic.ics,http://brighthills.atlantia.sca.org,,2026-06-22,"Baltimore Bowmen Archery Club, 10301 Harford Rd, Glen Arm, MD 21057 ",39.415928,-76.505727
Kingdom of Atlantia,Barony of Caer Mear,barony,https://calendar.google.com/calendar/ical/uk9bjrsu1loit3j4bjai8b07g0%40group.calendar.google.com/public/basic.ics,http://caermear.atlantia.sca.org,,2026-06-22,"Cities of Colonial Heights, Hopewell, Petersburg, and Richmond, Albemarle, Amelia, Caroline, Charles City, Charlotte, Chesterfield, Dinwiddie, Fluvanna, Gloucester, Goochland, Hanover, Henrico, King and Queen , King William, Louisa, Mathews, Middlesex, New Kent, Powhatan, Prince George, Spotsylvania",37.466621,-77.827797
Kingdom of Atlantia,Barony of Dun Carraig,barony,https://calendar.google.com/calendar/ical/c_8ec089846e0298cb723c4988a366513b6291aba81b769aa35913a49f90bcadef%40group.calendar.google.com/public/basic.ics ,http://www.duncarraig.net,,2026-06-22,"Calvert, Charles, St",38.514007,-76.782805
Kingdom of Atlantia,Barony of Hawkwood,barony,https://calendar.google.com/calendar/ical/webminister%40hawkwood.atlantia.sca.org/public/basic.ics ,http://hawkwood.atlantia.sca.org,,2026-06-22,"Buncombe, Cherokee, Clay, Graham, Haywood, Henderson, Jackson, Macon, Madison, Mcdowell, Polk, Rutherford, Swain, Transylvania, Yancey",35.341495,-83.27293
Kingdom of Atlantia,Barony of Hidden Mountain,barony,tribe-rest:https://hiddenmountain.atlantia.sca.org,http://hiddenmountain.atlantia.sca.org,,2026-06-22,"Beaufort, Colleton, Georgetown, Jasper, Orangeburg, Williamsburg",33.023499,-80.377975
Kingdom of Atlantia,Barony of Highland Foorde,barony,https://calendar.google.com/calendar/ical/webminister%40highlandfoorde.atlantia.sca.org/public/basic.ics,http://highland-foorde.atlantia.sca.org,,2026-06-22,"Allegany, Frederick, Garrett, Washington",39.562883,-78.256707
Kingdom of Atlantia,Barony of Lochmere,barony,c_e5a20ea8b028aef810a6015b8e97e624de4b494086ab9d906d6634066a6cc18e@group.calendar.google.com,http://lochmere.atlantia.sca.org,,2026-06-22,"Anne Arundel, Howard",39.147887,-76.576076
Kingdom of Atlantia,Barony of Marinus,barony,17328f6a1f279a5ba835356980da620d0f23142b64be07aeeeb3588e3e58a9c9@group.calendar.google.com,http://www.baronyofmarinus.com,,2026-06-22,"Cities of Cheasapeake, Norfolk, Portsmouth, Suffolk and Virgina Beach, Isle of Wight",36.840076,-76.563561
Kingdom of Atlantia,Barony of Nottinghill Coill,barony,No Calendar Listed,http://www.nottinghillcoill.atlantia.sca.org,,2026-06-22,"Abbeville, Aiken, Allendale, Bamberg, Barnwell, Calhoun, Chester, Clarendon, Colleton, Edgefield, Greenwood, Hampton, Jasper, Lancaster, McCormick, Newberry, Orangeburg, Saldua, York",33.482701,-81.431786
Kingdom of Atlantia,Barony of Ponte Alto,barony,9p6lpvucu4govg1mb83ea4cntg@group.calendar.google.com,http://pontealto.atlantia.sca.org,,2026-06-22,"Arlington, Fairfax",38.881265,-77.120917
Kingdom of Atlantia,Barony of Raven's Cove,barony,p2le0sqe2up07bih2te3solrhs@group.calendar.google.com,http://ravenscove.atlantia.sca.org,,2026-06-22,Onslow,37.693675,-77.603221
Kingdom of Atlantia,Barony of Sacred Stone,barony,cea37ntjlu57osemvnn2787584@group.calendar.google.com,http://sacredstone.atlantia.sca.org,,2026-06-22,"Polk, Rowan, Rutherford, Wilkes, Ashe, Alleghany, Surry, Stokes, Rockingham, Watauga, Yadkin, Forsyth, Guilford, Avery, Caldwell, Alexander, Iredell, Davidson, Randolph, Burke, Catawba, Cleveland, Lincoln, Gason, Mecklenburt, Cabbarus, Stanly, Anson and Union",35.908526,-81.395258
Kingdom of Atlantia,Barony of Stierbach,barony,4rp7njkb496vkrej5ojnob7060@group.calendar.google.com,http://stierbach.org,,2026-06-22,"Clarke, Essex, Fairfax, Fauquier, Frederick, King George, Loudoun, Orange, Prince William, Rappahannock, Russell, Spotsylvania, Stafford, Warren, Westmoreland",38.682021,-77.579602
Kingdom of Atlantia,Barony of Stierbach,barony,hgo8uo0922ooib7hlvmshevg84@group.calendar.google.com,http://stierbach.org,,2026-06-22,No location,,
Kingdom of Atlantia,Barony of Storvik,barony,7lkik5usej15uli6d62cb6rt00@group.calendar.google.com,http://storvik.atlantia.sca.org,,2026-06-22,"District of Columbia, Prince Georges, Montgomery",39.140627,-77.207561
Kingdom of Atlantia,Barony of Tir-y-Don,barony,Practices added manually,http://tirydon.atlantia.sca.org,,2026-06-22,"Newport News and Carrollton, Virginia",36.962125,-76.559859
Kingdom of Atlantia,Barony of Windmasters' Hill,barony,simcal:http://www.windmastershill.org/,http://www.windmastershill.org,,2026-06-22,"Almance, Caswell, Chatham, Cumberland, Durham, Franklin, Granville, Halifax, Harnett, Hoke, Johnston, Lee, Moore, Nash, Orange, Person, Robeson, Rockingham, Sampson, Scotland, Vance, Wake, Warren, Wayne, Wilson",35.857161,-78.916468
Kingdom of Atlantia,Canton of Aire Faucon,canton,Practices added manually,http://airefaucon.atlantia.sca.org,,2026-06-22,"Cleveland, Gaston, Lincoln, Rutherford",35.375443,-81.459589
Kingdom of Atlantia,Canton of Attilium,canton,Practices added manually,https://www.windmastershill.org/wordpress/cantons/attilium/,,2026-06-22,"Bladen, Cumberland, Hoke, Robeson, Sampson, Scotland",34.870095,-78.932046
Kingdom of Atlantia,Canton of Brockore Abbey,canton,https://calendar.google.com/calendar/ical/webminister.brockore%40gmail.com/public/basic.ics,https://brockore.wixsite.com/brockore-abbey,,2026-06-22,"Chesterfield, Darlington, Kershaw, Lee, Marlboro, Sumter",34.331212,-80.15075
Kingdom of Atlantia,Canton of Buckston-on-Eno,canton,No Calendar Listed,http://buckston.atlantia.sca.org,,2026-06-22,"Durham, Granville",36.169572,-78.767277
Kingdom of Atlantia,Canton of Charlesbury Crossing,canton,No Calendar Listed,http://charlesbury.atlantia.sca.org,,2026-06-22,"Anson, Cabarrus, Mecklenburg, Stanly, Union",35.182767,-80.445219
Kingdom of Atlantia,Canton of Cydllan Downs,canton,Practices added manually,https://cydllan-downs.atlantia.sca.org/canton-activities/,,2026-06-22,"Fairfield, Lexington, Richland",34.108955,-81.101953
Kingdom of Atlantia,Canton of Elvegast,canton,Practices added manually,http://elvegast.atlantia.sca.org,,2026-06-22,"Raleigh, NC",35.780398,-78.639099
Kingdom of Atlantia,Canton of Falconcree,canton,No Calendar Listed,http://falconcree.org,,2026-06-22,"Cherokee, Greenville, Laurens, Spartanburg, Union",34.797622,-81.923303
Kingdom of Atlantia,Canton of Haukesgate,canton,https://calendar.google.com/calendar/ical/8c8f5mon8e5q9q2thkfj57d964%40group.calendar.google.com/public/basic.ics ,https://hawkwood.atlantia.sca.org/,,2026-06-22,,,
Kingdom of Atlantia,Canton of Kapellenberg,canton,No Calendar Listed,http://kapellenberg.atlantia.sca.org,,2026-06-22,"Durham, Orange",36.039321,-78.996213
Kingdom of Atlantia,Canton of Middlegate,canton,No Calendar Listed,http://middlegate.atlantia.sca.org,,2026-06-22,"Davidson, Guilford, Randolph, Rockingham, Stokes",36.079375,-79.954165
Kingdom of Atlantia,Canton of Misty Marsh by the Sea,canton,No Calendar Listed,http://www.hiddenmountain.atlantia.sca.org/misty-marsh-by-the-sea/,,2026-06-22,"Clarendon, Dillon, Florence, Horry, Marion",34.00622,-79.527056
Kingdom of Atlantia,Canton of Moorhaven,canton,No Calendar Listed,http://www.hiddenmountain.atlantia.sca.org/canton-of-moorhaven/,,2026-06-22,City of Myrtle Beach,33.661391,-78.940302
Kingdom of Atlantia,Canton of Nimenefeld,canton,No Calendar Listed,https://www.windmastershill.org/wordpress/cantons/nimenefeld/,,2026-06-22,"Harnett, Johnston, Wake",35.571537,-78.617043
Kingdom of Atlantia,Canton of Ritterwald,canton,Practices added manually,http://ritterwald.atlantia.sca.org/,,2026-06-22,"Aiken, Allendale, Barnwell, Edgefield",33.566574,-81.719398
Kingdom of Atlantia,Canton of Saint Georges,canton,No Calendar Listed,http://stgeorge.atlantia.sca.org,,2026-06-22,"Anderson, Oconee, Pickens",34.725438,-82.827436
Kingdom of Atlantia,Canton of Salesberie Glen,canton,No Calendar Listed,http://salesberieglen.atlantia.sca.org,,2026-06-22,Rowan,35.631595,-80.517175
Kingdom of Atlantia,Canton of Stormwall,canton,https://calendar.google.com/calendar/ical/noa4reqbs11esg21gjjefa9k5g%40group.calendar.google.com/public/basic.ics ,https://sites.google.com/site/stormwallsca/,,2026-06-22,"Cherokee, Clay, Graham, Haywood, Jackson, Macon, Swain",35.253458,-83.530361
Kingdom of Atlantia,Canton of Sudentorre,canton,No Calendar Listed,http://sudentorre.atlantia.sca.org,,2026-06-22,"Spotsylvania, VA",38.296642,-77.680902
Kingdom of Atlantia,Canton of Tear-Sea's Shore,canton,No Calendar Listed,http://www.hiddenmountain.atlantia.sca.org/canton-of-tear-seas-shore/,,2026-06-22,"Berkeley, Charleston, Colleton, Dorchester",32.97814,-80.181739
Kingdom of Atlantia,Shire of Border Vale Keep,shire,https://calendar.google.com/calendar/ical/c_7ecc43e3e4bbc838bf6f078f5f19b84395184d5f40a493c1e23e7e921ccf5dd2%40group.calendar.google.com/public/basic.ics,http://bordervalekeep.atlantia.sca.org,,2026-06-22,"Augusta, GA, USA",33.469036,-82.031803
Kingdom of Atlantia,Shire of Isenfir,shire,No Calendar Listed,http://isenfir.atlantia.sca.org,,2026-06-22,"Crozet, Virginia, USA",38.067383,-78.700797
Kingdom of Atlantia,Shire of Roxbury Mill,shire,Practices added manually,http://roxburymill.atlantia.sca.org,,2026-06-22,"2200 Baltimore Road, Rockville, MD",39.087313,-77.11614
Kingdom of Atlantia,Shire of Seareach,shire,Practices added manually,https://www.seareach.atlantia.sca.org/,,2026-06-22,"Wilmington, North Carolina",34.237049,-77.979089
Kingdom of Atlantia,Shire of Spiaggia Levantina,shire,No Calendar Available,https://www.facebook.com/SpaiggiaLevantina/,,2026-06-22,Eastern Shore of Maryland,38.214037,-75.682877
Kingdom of Atlantia,Shire of Ursus Bay,shire,https://calendar.google.com/calendar/ical/seneschal%40ursusbay.atlantia.sca.org/public/basic.ics,http://ursus-bay.atlantia.sca.org/,,2026-06-22,Craven County,35.080857,-77.043998
Kingdom of Avacal,Barony of Borealis,barony,https://calendar.google.com/calendar/ical/bijsb8hhg22cvhlrlf4g0g8nlqgig3io%40import.calendar.google.com/public/basic.ics,https://borealis.avacal.org/calendar/,,2026-06-22,Edmonton,53.546205,-113.491241
Kingdom of Avacal,Barony of Montengarde,barony,https://calendar.google.com/calendar/ical/7mkve7499u31g3mqud535qe24c%40group.calendar.google.com/public/basic.ics,http://www.montengarde.org,,2026-06-22,Calgary,51.045606,-114.057541
Kingdom of Avacal,Barony of Montengarde – events,barony,https://calendar.google.com/calendar/ical/mdnm0drollm28olac34q2f0iqg%40group.calendar.google.com/public/basic.ics,http://www.montengarde.org,,,No location,,
Kingdom of Avacal,Barony of Myrgan Wood,barony,No Calendar Available,http://www.myrganwood.org/,,2026-06-22,Saskatoon,52.131802,-106.660767
Kingdom of Avacal,Shire of Ayresgarde,shire,No Calendar Listed,https://www.facebook.com/groups/Ayresgarde/&ved=2ahUKEwje9taXpN2TAxVQv4kEHaNAIrYQFnoECBwQAQ&usg=AOvVaw3hNmWbioYbU_NtjDkwYrPg,,2026-06-22,"Cranbrook and Kimberly, BC and area",49.510748,-115.767277
Kingdom of Avacal,Shire of Bordergate,shire,No Calendar Listed,https://quadwar.avacal.org/shire-of-bordergate/,,2026-06-22,"Cold Lake, AB and area",54.46046,-110.192871
Kingdom of Avacal,Shire of Sigelhundas,shire,No Calendar Available,https://sigelhundas.avacal.org/,,2026-06-22,"Regina, SK and area",50.447973,-104.615876
Kingdom of Avacal,Shire of Valley Wold,shire,No Calendar Listed,https://www.facebook.com/groups/valleywold,,2026-06-22,"Moose Jaw, SK and area",50.396721,-105.535666
Kingdom of Avacal,Shire of Vinjar,shire,No Calendar Listed,https://www.facebook.com/groups/274358419340188,,2026-06-22,"Grande Prairie, AB and area",55.17108,-118.794987
Kingdom of Avacal,Shire of Windwyrm,shire,No Calendar Listed,https://shire-of-windwyrm.carrd.co/,,2026-06-22,"Lethbridge, AB and area",49.842087,-112.678755
Kingdom of Caid,Barony of Altavia,barony,https://calendar.google.com/calendar/ical/gu6n17set8drqc7o67hj1uinjo%40group.calendar.google.com/public/basic.ics,https://altavia.sca-caid.org/,,2026-06-22,"Van Nuys, California",34.186619,-118.448667
Kingdom of Caid,Barony of Calafia,barony,https://calendar.google.com/calendar/ical/baronyofcalafia%40gmail.com/public/basic.ics,https://places.sca-caid.org/calafia/,,2026-06-22,"San Diego, California",32.71742,-117.162772
Kingdom of Caid,Barony of Calafia (Arts and Sciences Events),barony,https://calendar.google.com/calendar/ical/5r075e2mp1oj8jgpefcll7s7qc%40group.calendar.google.com/public/basic.ics,https://places.sca-caid.org/calafia/,,,No location,,
Kingdom of Caid,Barony of Calafia (Practices),barony,https://calendar.google.com/calendar/ical/e71oja30thiadvruvf74bstqs4%40group.calendar.google.com/public/basic.ics,https://places.sca-caid.org/calafia/,,,No location,,
Kingdom of Caid,Barony of Calafia (Guild Events),barony,https://calendar.google.com/calendar/ical/1ogsorjqknifb55tj3q3vlkhlg%40group.calendar.google.com/public/basic.ics,https://places.sca-caid.org/calafia/,,,No location,,
Kingdom of Caid,Barony of Dreiburgen,barony,No Calendar Available,https://dreiburgen.sca-caid.org/,,2026-06-22,"Redlands, California",34.055033,-117.182744
Kingdom of Caid,Barony of Dun Or,barony,No Calendar Available,https://dunor.sca-caid.org/,,2026-06-22,"Lancaster, California",34.698106,-118.136615
Kingdom of Caid,Barony of Gyldenholt,barony,https://calendar.google.com/calendar/ical/gyldenholt.calendar%40gyldenholt.sca-caid.org/public/basic.ics ,http://places.sca-caid.org/Gyldenholt,,2026-06-22,"Santa Ana, California",33.749495,-117.873221
Kingdom of Caid,Barony of Lyondemere,barony,https://calendar.google.com/calendar/ical/9r2n0qvt5de644ur3ojf890g48%40group.calendar.google.com/public/basic.ics,https://lyondemere.sca-caid.org/,,2026-06-22,"Long Beach, California",33.769016,-118.191604
Kingdom of Caid,Barony of Naevehjem,barony,https://calendar.google.com/calendar/ical/c_eba5552a07c2dc90220cc48f097db4ecfdd14de97b5b22e98ff961557c1a43d7%40group.calendar.google.com/public/basic.ics,http://places.sca-caid.org/naevehjem,,2026-06-22,"Ridgecrest, California",35.620692,-117.672097
Kingdom of Caid,Barony of Nordwache,barony,https://calendar.google.com/calendar/ical/webwright.officer%40nordwache.sca-caid.org/public/basic.ics,http://places.sca-caid.org/nordwache,,2026-06-22,"Fresno, California",36.739442,-119.78483
Kingdom of Caid,Barony of Starkhafn,barony,No Calendar Available,https://starkhafn.sca-caid.org/,,2026-06-22,"Las Vegas, Nevada",36.167426,-115.148413
Kingdom of Caid,Barony of Western Seas,barony,https://calendar.google.com/calendar/ical/7lfrh3khtcgf183pqdltc5m7c4%40group.calendar.google.com/public/basic.ics,https://westernseas.sca-caid.org/,,2026-06-22,"Honolulu, Hawaii",21.304547,-157.855676
Kingdom of Caid,Barony of Wintermist,barony,https://calendar.google.com/calendar/ical/webwright.officer%40wintermist.sca-caid.org/public/basic.ics ,https://places.sca-caid.org/wintermist/,,2026-06-22,"Bakersfield, California",35.373871,-119.019463
Kingdom of Caid,Barony of the Angels,barony,https://calendar.google.com/calendar/ical/baronyofangels%40gmail.com/public/basic.ics,http://places.sca-caid.org/angels,,2026-06-22,"Los Angeles, California",34.053691,-118.242766
Kingdom of Caid,Shire Of Carreg Wen,shire,No Calendar Listed,https://carreg-wen.sca-caid.org/,,2026-06-22,"Lompoc, California",34.63915,-120.457901
Kingdom of Caid,Shire of Al-Sahid,shire,No Calendar Listed,http://places.sca-caid.org/alsahid/,,2026-06-22,"Victorville, California",34.536107,-117.291156
Kingdom of Caid,Shire of Darach,shire,No Calendar Listed,https://places.sca-caid.org/darach/,,2026-06-22,"Ventura, California",34.445825,-119.077936
Kingdom of Caid,Shire of the Isles,shire,No Calendar Listed,https://places.sca-caid.org/isles,,2026-06-22,"Santa Barbara, California",34.422132,-119.702667
Kingdom of Calontir,Barony Of Vatavia,barony,No Calendar Available,https://vatavia.calontir.org,,2026-06-22,"Wichita, Kansas",37.692236,-97.337545
Kingdom of Calontir,Barony of Coeur d'Ennui,barony,https://calendar.google.com/calendar/ical/baronycde%40gmail.com/public/basic.ics,https://cde.calontir.org,,2026-06-22,"Des Moines, Iowa",41.586865,-93.624949
Kingdom of Calontir,Barony of Forgotten Sea,barony,https://calendar.google.com/calendar/ical/775uah87gefnvnja9u57obf5do%40group.calendar.google.com/public/basic.ics,https://forgottensea.calontir.org,,2026-06-22,"Kansas City, Missouri",39.100105,-94.578142
Kingdom of Calontir,Barony of Mag Mor,barony,https://calendar.google.com/calendar/ical/uk9bjrsu1loit3j4bjai8b07g0%40group.calendar.google.com/public/basic.ics,https://magmor.calontir.org,,2026-06-22,"Lincoln, Nebraska",40.808886,-96.707775
Kingdom of Calontir,Barony of Three Rivers,barony,https://calendar.google.com/calendar/ical/webminister%40b3r.calontir.org/public/basic.ics,https://b3r.calontir.org,,2026-06-22,"St. Louis, Missouri",38.625406,-90.190009
Kingdom of Calontir,Barony of the Lonely Tower,barony,https://calendar.google.com/calendar/ical/c_8b78b1f267951a26fde281ff235563e71c6cc5d7ba9d989138e50284324eb891%40group.calendar.google.com/public/basic.ics,https://lonelytower.calontir.org,,2026-06-22,"Omaha, Nebraska",41.258746,-95.938376
Kingdom of Calontir,Shire of Cum An Iolair,shire,https://calendar.google.com/calendar/ical/96c2hfaousa83uocn5stg233l7kqpdva%40import.calendar.google.com/public/basic.ics,https://shirecai.calontir.org,,2026-06-22,"Overland Park, Kansas",38.97425,-94.68517
Kingdom of Calontir,Shire of Heraldshill,shire,https://calendar.google.com/calendar/ical/lhncpfl1s606bs52qhn22pgbt4%40group.calendar.google.com/public/basic.ics,https://heraldshill.calontir.org,,2026-06-22,"Mason City, Iowa",43.152457,-93.201794
Kingdom of Calontir,Shire of Lost Moor,shire,No Calendar Available,https://lostmoor.calontir.org,,2026-06-22,"St. Joseph, Missouri",39.768605,-94.846632
Kingdom of Drachenwald,Barony of Aarnimetsä,barony,No Calendar Listed,http://www.aarnimetsa.org,,2026-06-22,"Helsinki, Finland",60.16662,24.943541
Kingdom of Drachenwald,Barony of Eplaheimr,barony,No Calendar Listed,http://eplaheimr.org,,2026-06-22,"Athlone, Ireland",53.422843,-7.94259
Kingdom of Drachenwald,Barony of Gotvik,barony,No Calendar Listed,http://www.gotvik.se,,2026-06-22,"Gothenburg, Sweden",57.707233,11.967017
Kingdom of Drachenwald,Barony of Knights Crossing,barony,No Calendar Listed,https://www.knightscrossing.org,,2026-06-22,"Kaiserslautern, Germany",49.443217,7.768995
Kingdom of Drachenwald,Barony of Styringheim,barony,No Calendar Listed,https://www.styringheim.se,,2026-06-22,"Visby, Sweden",57.637936,18.297982
Kingdom of Drachenwald,Canton of Drei Eichen,canton,No Calendar Listed,http://dreieichen.jimdo.com,,2026-06-22,"Köln, Germany",50.938361,6.959974
Kingdom of Drachenwald,Canton of Hukka,canton,No Calendar Listed,http://www.hukka.org,,2026-06-22,"Helsinki, Finland",60.16662,24.943541
Kingdom of Drachenwald,Canton of Humalasalo,canton,No Calendar Listed,http://humalasalo.net,,2026-06-22,"Tampere, Finland",61.497793,23.761637
Kingdom of Drachenwald,Canton of Kaarnemaa,canton,No Calendar Listed,http://kaarnemaa.org,,2026-06-22,Oulu,65.011791,25.470197
Kingdom of Drachenwald,Canton of Meadowmarsh,canton,No Calendar Listed,http://www.meadowmarsh.de,,2026-06-22,"Frankfurt, Germany",50.110644,8.682092
Kingdom of Drachenwald,Canton of Miehonlinna,canton,No Calendar Listed,https://miehonlinna.wordpress.com,,2026-06-22,"Kouvola, Finland",60.867924,26.704112
Kingdom of Drachenwald,Canton of Poukka,canton,No Calendar Listed,http://www.poukka.org,,2026-06-22,Kotka,60.467267,26.945946
Kingdom of Drachenwald,Canton of Roterde,canton,No Calendar Listed,,,2026-06-22,"Dortmund, Germany",51.514227,7.465279
Kingdom of Drachenwald,Canton of Turmstadt,canton,No Calendar Listed,http://www.turmstadt.de,,2026-06-22,"Nürnberg, Germany",49.453872,11.077298
Kingdom of Drachenwald,Canton of Unikankare,canton,No Calendar Listed,https://keskiaikaseuraunikankare.fi,,2026-06-22,Turku,60.451593,22.266999
Kingdom of Drachenwald,Canton of Vielburgen,canton,No Calendar Listed,,,2026-06-22,"Kaiserslautern, Germany",49.443217,7.768995
Kingdom of Drachenwald,College of St John of Rila,college,No Calendar Listed,,,2026-06-22,"Kyustendil, Bulgaria",42.334943,22.888412
Kingdom of Drachenwald,Shire of Ad Flumen Caerulum,shire,No Calendar Listed,https://sca-austria.at,,2026-06-22,Austria,47.59397,14.12456
Kingdom of Drachenwald,Shire of Aros,shire,No Calendar Listed,http://aros.nordmark.org,,2026-06-22,Uppsala,59.858613,17.638744
Kingdom of Drachenwald,Shire of Attemark,shire,No Calendar Listed,https://attemark.se,,2026-06-22,Skåne,55.84723,13.633929
Kingdom of Drachenwald,Shire of Baggeholm,shire,No Calendar Listed,http://www.baggeholm.se,,2026-06-22,"Karlskrona, Sweden",56.162107,15.586642
Kingdom of Drachenwald,Shire of Depedene under Wychwood,shire,No Calendar Listed,https://www.depedene.org,,2026-06-22,UK: northern England,53.481691,-2.233755
Kingdom of Drachenwald,Shire of Dun in Mara,shire,No Calendar Available,https://duninmara.org,,2026-06-22,"Dublin, Ireland",53.349379,-6.260559
Kingdom of Drachenwald,Shire of Fjellom,shire,No Calendar Listed,,,2026-06-22,"Östersund, Sweden",63.179366,14.635706
Kingdom of Drachenwald,Shire of Flintheath,shire,No Calendar Listed,https://www.flintheath.org.uk,,2026-06-22,UK: east Anglia,52.461724,0.697564
Kingdom of Drachenwald,Shire of Frostheim,shire,No Calendar Listed,http://www.frostheim.se,,2026-06-22,"Luleå, Sweden",65.583119,22.145954
Kingdom of Drachenwald,Shire of Glen Rathlin,shire,No Calendar Listed,http://glenrathlin.org,,2026-06-22,"Belfast, United Kingdom",54.596391,-5.930183
Kingdom of Drachenwald,Shire of Gyllengran,shire,No Calendar Listed,https://gyllengran.nordmark.org,,2026-06-22,"Sundsvall, Sweden",62.390755,17.307102
Kingdom of Drachenwald,Shire of Harpelstane,shire,No Calendar Available,http://www.harpelstane.org,,2026-06-22,UK: Scotland,56.786111,-4.114052
Kingdom of Drachenwald,Shire of Holmrike,shire,No Calendar Listed,http://holmrike.nordmark.org,,2026-06-22,Stockholm,59.325117,18.071093
Kingdom of Drachenwald,Shire of Juneborg,shire,No Calendar Listed,http://juneborg.nordmark.org,,2026-06-22,Jönköping,57.782563,14.165719
Kingdom of Drachenwald,Shire of Löghammar,shire,No Calendar Listed,https://loghammar.nordmark.org,,2026-06-22,"Västerås, Sweden",59.611099,16.546368
Kingdom of Drachenwald,Shire of Mynydd Gwyn,shire,No Calendar Listed,http://www.mynydd-gwyn.org.uk,,2026-06-22,"Cardiff, United Kingdom",51.481655,-3.179193
Kingdom of Drachenwald,Shire of Polderslot,shire,No Calendar Listed,http://www.polderslot.info,,2026-06-22,Netherlands,52.243498,5.634323
Kingdom of Drachenwald,Shire of Pont Alarch,shire,No Calendar Listed,https://pontalarch.insulaedraconis.org/,,2026-06-22,UK: central England,51.566699,-1.784741
Kingdom of Drachenwald,Shire of Reengarda,shire,No Calendar Listed,https://reengarda.se,,2026-06-22,"Skellefteå, Sweden",64.752019,20.959339
Kingdom of Drachenwald,Shire of Thamesreach,shire,No Calendar Listed,http://www.thamesreach.org,,2026-06-22,"UK: greater London, England",51.514162,-0.088939
Kingdom of Drachenwald,Shire of Trivium,shire,No Calendar Listed,https://shireoftrivium.com,,2026-06-22,Belgium,50.640281,4.666715
Kingdom of Drachenwald,Shire of Ulvberget,shire,No Calendar Listed,https://www.facebook.com/groups/Ulvberget,,2026-06-22,"Skövde, Sweden",58.389633,13.845634
Kingdom of Drachenwald,Shire of Uma,shire,No Calendar Listed,http://www.skauma.org,,2026-06-22,Umeå,63.825657,20.263074
Kingdom of Drachenwald,Shire of West Dragonshire,shire,No Calendar Listed,http://www.westdragonshire.org,,2026-06-22,UK: southern England,51.746151,-1.286259
Kingdom of Drachenwald,Shire of Örehus,shire,No Calendar Listed,http://orehus.nordmark.org,,2026-06-22,"Helsingborg, Sweden",56.04421,12.703706
Kingdom of Ealdormere,Barony of Ben Dunfirth,barony,https://calendar.google.com/calendar/ical/a2109c11541e2cd580717f48877821871a4f11f0a940ea6e21a70595214d2230%40group.calendar.google.com/public/basic.ics,https://ealdormere.ca/ben-dunfirth/,,2026-06-22,"Hamilton, Ontario, Canada",43.25608,-79.872858
Kingdom of Ealdormere,Barony of Ben Dunfirth (Meetings),barony,https://calendar.google.com/calendar/ical/b98e232f5660f6f9511a9f4679e23d6fe81cf9f5d365ebde56ebcd5d58062c45%40group.calendar.google.com/public/basic.ics,https://ealdormere.ca/ben-dunfirth/,,,No location,,
Kingdom of Ealdormere,Barony of Ben Dunfirth (Virtual),barony,https://calendar.google.com/calendar/ical/r82844b82b4o255kp5hhii3bhk%40group.calendar.google.com/public/basic.ics,https://ealdormere.ca/ben-dunfirth/,,,No location,,
Kingdom of Ealdormere,Barony of Ramshaven,barony,No Calendar Available,https://ealdormere.ca/barony-of-ramshaven/,,2026-06-22,"Guelph, Ontario, Canada",43.546052,-80.249328
Kingdom of Ealdormere,Barony of Rising Waters,barony,https://calendar.google.com/calendar/ical/ghkivii1vp5bo1lsat9ieqad1o%40group.calendar.google.com/public/basic.ics,https://ealdormere.ca/barony-of-rising-waters/,,2026-06-22,"Niagara Falls, Ontario, Canada",43.10656,-79.063904
Kingdom of Ealdormere,Barony of Septentria,barony,No Calendar Available,https://ealdormere.ca/barony-of-septentria,,2026-06-22,"Toronto, Ontario, Canada",43.653482,-79.383935
Kingdom of Ealdormere,Barony of Skraeling Althing,barony,No Calendar Available,http://www.skraelingalthing.com/,,2026-06-22,"Ottawa, Ontario, Canada",45.420878,-75.690111
Kingdom of Ealdormere,Canton of Ardchreag,canton,No Calendar Available,https://ardchreag.wordpress.com/,,2026-06-22,"Scarborough, Ontario, Canada",43.772974,-79.257648
Kingdom of Ealdormere,Canton of Beremere,canton,No Calendar Available,https://ealdormere.ca/beremere/,,2026-06-22,"Belleville, Ontario, Canada",44.243633,-77.36076
Kingdom of Ealdormere,Canton of Bryniau Tywynnog,canton,No Calendar Available,https://ealdormere.ca/bryniau-tywynnog/,,2026-06-22,"Renfrew County, Ontario, Canada",45.730056,-77.27937
Kingdom of Ealdormere,Canton of Caldrithig,canton,No Calendar Available,https://ealdormere.ca/caldrithig/,,2026-06-22,"Carleton Place, Ontario, Canada",45.140337,-76.146567
Kingdom of Ealdormere,Canton of Monadh,canton,No Calendar Available,https://ealdormere.ca/canton-of-monadh,,2026-06-22,"Almonte, Ontario, Canada",45.226049,-76.194528
Kingdom of Ealdormere,Canton of Northgeatham,canton,No Calendar Available,https://ealdormere.ca/canton-of-northgeatham/,,2026-06-22,"Aurora, Ontario, Canada",43.99973,-79.467545
Kingdom of Ealdormere,Canton of Petrea Thule,canton,No Calendar Listed,https://ealdormere.ca/petrea-thule,,2026-06-22,"Sault Ste. Marie, Ontario, Canada",46.512655,-84.33303
Kingdom of Ealdormere,Canton of Skeldergate,canton,No Calendar Listed,https://www.facebook.com/cantonofskeldergate/,,2026-06-22,"Etobicoke, Ontario, Canada",43.643556,-79.565633
Kingdom of Ealdormere,Canton of Vest Yorvik,canton,https://calendar.google.com/calendar/ical/p24dbs9bp1hmk22nf0urd2rhhg%40group.calendar.google.com/public/basic.ics,https://vywebminister.wixsite.com/vestyorvik,,2026-06-22,"Newmarket, Ontario, Canada",44.056258,-79.461708
Kingdom of Ealdormere,Shire of Bastille du Lac,shire,No Calendar Available,https://ealdormere.ca/bastille-du-lac,,2026-06-22,"Sarnia, Ontario, Canada",42.974382,-82.403533
Kingdom of Ealdormere,Shire of Champcorbeau,shire,No Calendar Listed,https://www.ealdormere.ca/champcorbeau/,,2026-06-22,"Sault Ste. Marie, Ontario, Canada",46.512655,-84.33303
Kingdom of Ealdormere,Shire of Trinovantia Nova,shire,No Calendar Available,https://ealdormere.ca/trinovantia-nova,,2026-06-22,"London, Ontario, Canada",42.983675,-81.249607
Kingdom of Ealdormere,Shire of Ulfheim,shire,No Calendar Available,https://shireofulfheim.com/,,2026-06-22,"Sudbury, Ontario, Canada",46.49272,-80.991211
Kingdom of Ealdormere,Stronghold of Greyfells,stronghold,No Calendar Available,http://skraelingalthing.com/wp/greyfells/,,2026-06-22,"Pembroke, Ontario, Canada",45.820974,-77.111543
Kingdom of Ealdormere,Stronghold of Tor Brant,stronghold,No Calendar Available,http://www.skraelingalthing.com/wp/torbrant/,,2026-06-22,"Arnprior, Ontario, Canada",45.433515,-76.354369
Kingdom of Gleann Abhann,Barony of Axemoor,barony,https://calendar.google.com/calendar/ical/ei9bk3lu1hnderkk8jcecms73g%40group.calendar.google.com/public/basic.ics,http://www.axemoor.net/,https://www.facebook.com/groups/103470807512,2026-06-22,"New Orleans, LA Area south of Lake Pontchartrain",30.042537,-90.027783
Kingdom of Gleann Abhann,Barony of Grey Niche,barony,No Calendar Available,http://www.greyniche.net/,,2026-06-22,"Memphis, TN and surrounding area",35.146026,-90.051779
Kingdom of Gleann Abhann,Barony of Seleone,barony,No Calendar Available,http://seleone.org,https://www.facebook.com/groups/175414189142977,2026-06-22,"Gulfport/Biloxi, MS and surrounding area",30.36742,-89.092816
Kingdom of Gleann Abhann,Barony of Small Gray Bear,barony,No Calendar Listed,http://www.smallgraybear.org/,https://www.facebook.com/groups/smallgraybear,2026-06-22,"Central Arkansas including Little Rock, North Little Rock, Sherwood, Jacksonville, Pine Bluff and surrounding areas",34.746507,-92.289627
Kingdom of Gleann Abhann,Province of Lagerdamm,province,No Calendar Listed,http://www.lagerdamm.org/,,2026-06-22,"Conway, AR and surrounding Areas",35.2522,-92.688894
Kingdom of Gleann Abhann,Shire of Ardanroe,shire,No Calendar Available,https://www.facebook.com/groups/301178219171/,,2026-06-22,"Shreveport, LA and surrounding area",32.513536,-93.747784
Kingdom of Gleann Abhann,Shire of Blackmoor Keep,shire,No Calendar Listed,https://www.unclejohns.com/blackmoor/,https://www.facebook.com/blackmoorkeep,2026-06-22,"Lake Charles, LA and surrounding area",30.23051,-93.216981
Kingdom of Gleann Abhann,Shire of Caer Dun,shire,No Calendar Listed,https://www.facebook.com/groups/495612934246396/,,2026-06-22,"Southeast, MS (east of the Barony of Seleone)",30.857421,-88.653712
Kingdom of Gleann Abhann,Shire of Coill Fhionnabhann,shire,No Calendar Listed,https://coillfhionnabhann.gleannabhann.net/,,2026-06-22,"Searcy, AR",35.250641,-91.736249
Kingdom of Gleann Abhann,Shire of Dragoun’s Weal,shire,No Calendar Available,https://dragounsweal.gleannabhann.net/wp/,,2026-06-22,"Laurel/Hattiesburg, MS and surrounding area",31.694051,-89.130612
Kingdom of Gleann Abhann,Shire of Iron Ox,shire,No Calendar Listed,http://ironox.org/,https://www.facebook.com/ShireofIronOx,2026-06-22,"Jackson, MS and surrounding area",32.299869,-90.183041
Kingdom of Gleann Abhann,Shire of Loch Bais,shire,No Calendar Listed,https://www.facebook.com/ShireofLochBais,,2026-06-22,"Natchitoches, LA and surrounding area",31.760673,-93.086021
Kingdom of Gleann Abhann,Shire of Ravenshold,shire,No Calendar Listed,https://www.facebook.com/groups/ravenshold,,2026-06-22,"Jonesboro, AR",35.834809,-90.70453
Kingdom of Gleann Abhann,Shire of Smythkepe,shire,No Calendar Available,https://www.facebook.com/Smythkepe,,2026-06-22,"Fort Smith, AR and surrounding areas",35.388034,-94.426501
Kingdom of Gleann Abhann,Shire of Tor An Riogh,shire,No Calendar Listed,https://toranriogh.gleannabhann.net/,,2026-06-22,"Starkville/Columbus/Tupelo, MS and surrounding area",33.463875,-88.815207
Kingdom of Gleann Abhann,Shire of Troll Fen,shire,No Calendar Listed,http://troll-fen.org,https://www.facebook.com/profile.php?id=100081319014431,2026-06-22,"Lafayette, LA and surrounding area",30.226219,-92.01782
Kingdom of Gleann Abhann,Shire of Vogelburg,shire,No Calendar Listed,http://vogelburg.gleannabhann.net/,https://www.facebook.com/groups/TheShireofVogelburg,2026-06-22,"Alexandria, LA and surrounding area",31.311946,-92.445356
Kingdom of Gleann Abhann,Shire of Wyrmgeist,shire,No Calendar Listed,http://www.wyrmgeist.org/,https://www.facebook.com/Wyrmgeist,2026-06-22,"Baton Rouge, LA and surrounding area",30.449416,-91.186966
Kingdom of Lochac,Barony of Aneala,barony,No Calendar Listed,https://aneala.lochac.sca.org/,,2026-06-22,"Perth, Western Australia",-31.955897,115.860578
Kingdom of Lochac,Barony of Ildhafn,barony,https://calendar.google.com/calendar/ical/ildhafn%40gmail.com/public/basic.ics,https://ildhafn.lochac.sca.org/,,2026-06-22,"Auckland, New Zealand",-36.852095,174.76318
Kingdom of Lochac,Barony of Innilgard,barony,https://calendar.google.com/calendar/ical/innilgardwebminister%40gmail.com/public/basic.ics,https://innilgard.lochac.sca.org/,,2026-06-22,"Adelaide, South Australia",-34.928181,138.599931
Kingdom of Lochac,Barony of Kraé Glas,barony,https://calendar.google.com/calendar/ical/kraeglas%40gmail.com/public/basic.ics,https://kraeglas.lochac.sca.org/,,2026-06-22,"Southeast Melbourne, Australia",-37.965,145.1734
Kingdom of Lochac,Barony of Mordenvale,barony,No Calendar Listed,https://mordenvale.lochac.sca.org/,,2026-06-22,"Newcastle, New South Wales, Australia",-32.919295,151.779535
Kingdom of Lochac,Barony of River Haven,barony,No Calendar Listed,https://riverhaven.lochac.sca.org/,,2026-06-22,"Brisbane, Queensland, Australia",-27.468962,153.023501
Kingdom of Lochac,Barony of Rowany,barony,No Calendar Listed,https://rowany.lochac.sca.org/,,2026-06-22,"Sydney, New South Wales, Australia",-33.869844,151.208285
Kingdom of Lochac,Barony of Southron Gaard,barony,https://calendar.google.com/calendar/ical/ivf6ufhtdabehieoflrrd7p1qg%40group.calendar.google.com/public/basic.ics,https://sg.lochac.sca.org/,,2026-06-22,"Christchurch, New Zealand",-43.530955,172.636434
Kingdom of Lochac,Barony of Southron Gaard (Arts & Sciences calendar),barony,https://calendar.google.com/calendar/ical/cgjp6ud0mdptg2kdpt56ephqh8%40group.calendar.google.com/public/basic.ics,https://sg.lochac.sca.org/,,,No location,,
Kingdom of Lochac,Barony of Southron Gaard (Archery events),barony,https://calendar.google.com/calendar/ical/kqj12pft8gkcgg3ap54hos986s%40group.calendar.google.com/public/basic.ics,https://sg.lochac.sca.org/,,,No location,,
Kingdom of Lochac,Barony of Southron Gaard (Armoured Combat events),barony,https://calendar.google.com/calendar/ical/2kqnvml5igbt7atki62u9b7vuo%40group.calendar.google.com/public/basic.ics,https://sg.lochac.sca.org/,,,No location,,
Kingdom of Lochac,Barony of Southron Gaard (Rapier events),barony,https://calendar.google.com/calendar/ical/49lvj9mo9igunt2f6evaq3mkjg%40group.calendar.google.com/public/basic.ics,https://sg.lochac.sca.org/,,,No location,,
Kingdom of Lochac,Barony of Southron Gaard (Song and Dance events),barony,https://calendar.google.com/calendar/ical/02t14vmunmj48biokgdvvd92m0%40group.calendar.google.com/public/basic.ics,https://sg.lochac.sca.org/,,,No location,,
Kingdom of Lochac,Hamlet of Wildmoor,hamlet,https://calendar.google.com/calendar/ical/04sft5rou6ftqku5qoj1uvdpbg%40group.calendar.google.com/public/basic.ics,https://sg.lochac.sca.org/,,,"Otago, New Zealand",,
Kingdom of Lochac,Barony of Stormhold,barony,https://calendar.google.com/calendar/ical/stormscroll%40gmail.com/public/basic.ics,https://stormhold.lochac.sca.org/,,2026-06-22,"Northern and western Melbourne, Victoria, Australia",-37.7878,145.0002
Kingdom of Lochac,Barony of Ynys Fawr,barony,No Calendar Listed,https://ynysfawr.lochac.sca.org/,,2026-06-22,"Hobart, Tasmania, Australia",-42.882509,147.328123
Kingdom of Lochac,Canton of Burnfield,canton,No Calendar Listed,https://burnfield.lochac.sca.org/,,2026-06-22,"Melbourne, Victoria, Australia",-37.814245,144.963173
Kingdom of Lochac,Barony of Politarchopolis,barony,https://calendar.google.com/calendar/ical/webwright.polit%40gmail.com/public/basic.ics,https://politarchopolis.lochac.sca.org/,,,"Ainslie, Australian Capital Territory, Australia",-35.2617,149.1418
Kingdom of Lochac,Canton of Okewaite,canton,https://calendar.google.com/calendar/ical/d2f1a69e2f2adaf81aa14e6241510708932e40eb3a8b014a4577b6ae25c5a4f9%40group.calendar.google.com/public/basic.ics,https://okewaite.lochac.sca.org/,,2026-06-22,"Moss Vale, Australia",-34.5468,150.3741
Kingdom of Lochac,Canton of Stowe-on-the-Wowld,canton,No Calendar Listed,https://stowe.lochac.sca.org/,,2026-06-22,"Melbourne, Victoria, Australia",-37.814245,144.963173
Kingdom of Lochac,College of Blessed Herman the Cripple,college,No Calendar Listed,https://blessedherman.lochac.sca.org/,,2026-06-22,"Sydney, New South Wales, Australia",-33.869844,151.208285
Kingdom of Lochac,College of St Basil the Great,college,No Calendar Listed,https://stbasil.lochac.sca.org/,,2026-06-22,"Brisbane, Queensland, Australia",-27.468962,153.023501
Kingdom of Lochac,College of St Christina the Astonishing,college,No Calendar Listed,https://stchristina.lochac.sca.org/,,2026-06-22,"Melbourne, Victoria, Australia",-37.814245,144.963173
Kingdom of Lochac,College of St Monica,college,No Calendar Listed,https://stmonica.lochac.sca.org/,,2026-06-22,"Wollongong, New South Wales, Australia",-34.427808,150.893054
Kingdom of Lochac,College of St Ursula,college,No Calendar Listed,https://stursula.lochac.sca.org/,,2026-06-22,"Sydney, New South Wales, Australia",-33.869844,151.208285
Kingdom of Lochac,Shire of Adora,shire,No Calendar Listed,https://adora.lochac.sca.org/,,2026-06-22,"Nowra, New South Wales, Australia",-34.87412,150.600471
Kingdom of Lochac,Shire of Bordescros,shire,No Calendar Listed,https://bordescros.lochac.sca.org/,,2026-06-22,"Albury, New South Wales, Australia",-36.073773,146.913526
Kingdom of Lochac,Shire of Darton,shire,No Calendar Listed,https://darton.lochac.sca.org/,,2026-06-22,"Wellington, New Zealand",-41.2924,174.7787
Kingdom of Lochac,Shire of Dismal Fogs,shire,No Calendar Listed,https://dismalfogs.lochac.sca.org/,,2026-06-22,"Blackheath, New South Wales, Australia",-33.633889,150.284722
Kingdom of Lochac,Shire of Sherwater,shire,No Calendar Listed,https://sherwater.sca.org.nz/ ,,,"Masterton, New Zealand",-40.9597,175.6575
Kingdom of Meridies,Barony of Bryn Madoc,barony,https://calendar.google.com/calendar/ical/bryn.madoc.sca%40gmail.com/public/basic.ics,https://brynmadoc.meridies.org/,,2026-06-22,"Athens, Jefferson, Commerce, Watkinsville, Monroe, Winder, and points in-between",32.541106,-87.147276
Kingdom of Meridies,Barony of Bryn Madoc – A&S,barony,https://calendar.google.com/calendar/ical/nuhcmh93rs6cpsg4h30opuqr70%40group.calendar.google.com/public/basic.ics,https://brynmadoc.meridies.org/,,,No location,,
Kingdom of Meridies,Barony of Bryn Madoc – Fighter Practice,barony,https://calendar.google.com/calendar/ical/kssrs33k1bmd56taalkphplhi0%40group.calendar.google.com/public/basic.ics,https://brynmadoc.meridies.org/,,,No location,,
Kingdom of Meridies,Barony of Glaedenfeld,barony,No Calendar Available,https://glaedenfeld.meridies.org/,,2026-06-22,Greater Nashville area,32.333473,-86.352192
Kingdom of Meridies,Barony of Iron Mountain,barony,Practices added manually,https://ironmountain.meridies.org/,,2026-06-22,Greater Birmingham area and Shelby County,32.333473,-86.352192
Kingdom of Meridies,Barony of Osprey,barony,https://calendar.google.com/calendar/ical/c_b5fb8c6748f1980a7346fce77650f89db44accb0a7269c817fbd625fee64e805%40group.calendar.google.com/public/basic.ics,https://osprey.meridies.org/,,2026-06-22,Mobile and Baldwin County,30.41664,-87.556626
Kingdom of Meridies,Barony of South Downs,barony,Practices added manually,https://southdowns.meridies.org/,,2026-06-22,Atlanta Metropolitan area,32.382179,-86.191903
Kingdom of Meridies,Barony of Thor’s Mountain,barony,https://calendar.google.com/calendar/ical/web.thorsmountain%40meridies.org/public/basic.ics,https://thorsmountain.meridies.org/,,2026-06-22,Knoxville,35.960395,-83.921026
Kingdom of Meridies,Canton of South Reach,canton,No Calendar Listed,https://glaedenfeld.meridies.org/,,2026-06-22,Pulaski,37.231423,-89.118343
Kingdom of Meridies,College of Phoenix Rising,college,No Calendar Listed,https://phoenixrising.meridies.org/,,2026-06-22,Oxford and Anniston area,33.614921,-85.833939
Kingdom of Meridies,Province of Glynn Rhe,province,No Calendar Listed,https://glynnrhe.meridies.org/,,2026-06-22,Decatur/Morgan/Limestone / Huntsville and Madison County,34.60602,-86.983817
Kingdom of Meridies,Shire Des Forges,shire,No Calendar Listed,https://desforges.meridies.org/,,2026-06-22,Trussville,33.619627,-86.608434
Kingdom of Meridies,Shire of Arenal,shire,No Calendar Listed,https://arenal.meridies.org/,,2026-06-22,Pensacola and Counties of Escambia and Santa Rosa,30.550527,-87.845358
Kingdom of Meridies,Shire of Beau Fort,shire,No Calendar Listed,https://beaufort.meridies.org/,,2026-06-22,"Gainesville, including Rabun, Hall, Forsyth, Banks, Lumpkin, Habersham and Dawson counties",34.354592,-83.860663
Kingdom of Meridies,Shire of Crimson River,shire,No Calendar Listed,https://crimsonriver.meridies.org/wp/,,2026-06-22,Clarksville,36.527761,-87.35887
Kingdom of Meridies,Shire of Depedale,shire,No Calendar Listed,https://depedale.meridies.org/,,2026-06-22,"Douglasville, Villa Rica, Austell, Lithia Springs, Hiram, and Winston, GA",33.751497,-84.747714
Kingdom of Meridies,Shire of Drakenmere,shire,No Calendar Listed,http://drakenmere.meridies.org/,,2026-06-22,"Statesbor o, Louisville , and Brooklet",,
Kingdom of Meridies,Shire of Easaraigh,shire,No Calendar Listed,https://easaraigh.meridies.org/,,2026-06-22,Cookeville,36.162389,-85.499706
Kingdom of Meridies,Shire of Forth Castle,shire,No Calendar Listed,https://forthcastle.meridies.org/,,2026-06-22,Greater Savannah area,32.333473,-86.352192
Kingdom of Meridies,Shire of Loch Cairn,shire,No Calendar Listed,http://lochcairn.meridies.org/,,2026-06-22,"Manchester, McMinnville, Sewanee, Tullahoma, and WInchester",34.411202,-86.348317
Kingdom of Meridies,Shire of Loch an Fhraoich,shire,No Calendar Available,https://lakeofheather.meridies.org,,2026-06-22,Bowling Green,36.99292,-86.442868
Kingdom of Meridies,Shire of Marion Glen,shire,No Calendar Listed,https://marionglen.meridies.org/,,2026-06-22,Columbus / Americus,33.758157,-86.753326
Kingdom of Meridies,Shire of Nant-y-Derwyddon,shire,No Calendar Listed,https://nyd.meridies.org/,,2026-06-22,NE Tennessee and the SW Corner of Virginia,36.595969,-82.188501
Kingdom of Meridies,Shire of Okeborne Keep,shire,No Calendar Listed,https://okebornekeep.meridies.org/,,2026-06-22,Tuscaloosa,33.209561,-87.567526
Kingdom of Meridies,Shire of Owl's Nest,shire,No Calendar Listed,https://owlsnest.meridies.org/,,2026-06-22,"Bartow, Cherokee, Cobb, Gordon, Paulding, and Pickens",34.161761,-84.728295
Kingdom of Meridies,Shire of Phoenix Glade,shire,No Calendar Listed,https://phoenixglade.meridies.org/,,2026-06-22,"Fort Walton Beach, Niceville, Destin, Crestview, and surrounding areas",34.438934,-85.759717
Kingdom of Meridies,Shire of Redewolfden,shire,No Calendar Available,http://redewolfden.meridies.org/,,2026-06-22,Murray,34.785186,-84.735226
Kingdom of Meridies,Shire of Rising Stone,shire,No Calendar Listed,https://risingstone.meridies.org/,,2026-06-22,Murfreesboro,35.84604,-86.39211
Kingdom of Meridies,Shire of Sol Haven,shire,No Calendar Listed,,,2026-06-22,"Rockdale, Newton, Walton, Jasper, Butts, Henry, and Morgan",33.506238,-83.89928
Kingdom of Meridies,Shire of Thorngill,shire,No Calendar Listed,https://thorngill.meridies.org/,,2026-06-22,Greater Montgomery area,32.333473,-86.352192
Kingdom of Meridies,Shire of Tir Briste,shire,No Calendar Listed,https://tirbriste.meridies.org/,,2026-06-22,Warner-Robbins/Macon,32.620097,-83.606568
Kingdom of Meridies,Shire of Vulpine Reach,shire,No Calendar Listed,https://vulpinereach.meridies.org/,,2026-06-22,"Chattanooga area including Cleveland, Ooltewah, Hixson, Fort Oglethorpe, Dalton, and the surrounding regions",33.545498,-86.557941
Kingdom of Meridies,Stronghold of Dragonfly Marsh,stronghold,No Calendar Listed,https://dragonfly.meridies.org,,2026-06-22,Valdosta,30.832702,-83.278485
Kingdom of Northshield,Barony of Caer Anterth Mawr,barony,https://calendar.google.com/calendar/ical/1f4sr2q35juop8o0pe418vag98%40group.calendar.google.com/public/basic.ics,https://caeranterth.org/,,2026-06-22,"Milwaukee, Wisconsin",43.038648,-87.909075
Kingdom of Northshield,Barony of Castel Rouge,barony,https://calendar.google.com/calendar/ical/castelrouge.contactus%40gmail.com/public/basic.ics,https://www.castelrouge.ca/about-us/,,2026-06-22,"Winnipeg, Manitoba, Canada",49.895537,-97.138458
Kingdom of Northshield,Barony of Jararvellir,barony,https://calendar.google.com/calendar/ical/9olfihed1ab2biu7pfq6k9qlvg%40group.calendar.google.com/public/basic.ics,https://jararvellir.org/,,2026-06-22,"Madison, Wisconsin",43.07469,-89.384166
Kingdom of Northshield,Barony of Nordskogen,barony,https://calendar.google.com/calendar/ical/e09qbl9al4rri70j89ervdrvs4%40group.calendar.google.com/public/basic.ics,https://nordskogen.org/,,2026-06-22,"Minneapolis, Minnesota",44.9773,-93.265469
Kingdom of Northshield,Barony of Windhaven,barony,https://calendar.google.com/calendar/ical/calendar.windhaven%40gmail.com/public/basic.ics,http://www.baronyofwindhaven.org/about2.html,,2026-06-22,"Appleton, Wisconsin",44.261397,-88.406974
Kingdom of Northshield,Canton of Coille Stoirmeil,canton,No Calendar Available,https://coillestoirmeil.org/,,2026-06-22,"Tomah, Wisconsin",43.978576,-90.504021
Kingdom of Northshield,Canton of Nordleigh,canton,No Calendar Available,https://sites.google.com/site/cantonofnordleigh,,2026-06-22,"Northfield, Minnesota",44.458204,-93.161159
Kingdom of Northshield,College of Svaty Sebesta,college,No Calendar Available,https://www.facebook.com/groups/svatysebesta/,,2026-06-22,"Brookings, South Dakota",44.311461,-96.79844
Kingdom of Northshield,Shire of Border Downs,shire,No Calendar Available,https://sca-northshield.org/borderdowns/,,2026-06-22,"Sioux Falls, South Dakota",43.547601,-96.729363
Kingdom of Northshield,Shire of Coldedernhale,shire,https://calendar.google.com/calendar/ical/coldedernhale%40gmail.com/public/basic.ics,https://pierresca.org/,,2026-06-22,"Pierre, South Dakota",44.368364,-100.351136
Kingdom of Northshield,Shire of Darkstone,shire,No Calendar Listed,https://www.facebook.com/groups/5417292308/,,2026-06-22,"Ashland, Wisconsin",46.206232,-90.680259
Kingdom of Northshield,Shire of Dreibrucken,shire,No Calendar Listed,https://www.facebook.com/events/795002805434048/?acontext=%7B%22action_history%22%3A%22null%22%7D&ref_source=newsfeed&ref_mechanism=feed_attachment,,2026-06-22,"Grand Forks, North Dakota",47.92521,-97.030632
Kingdom of Northshield,Shire of Falcon’s Keep,shire,No Calendar Listed,https://falconskeep.org/,,2026-06-22,"Stevens Point, Wisconsin",44.523447,-89.584446
Kingdom of Northshield,Shire of Inner Sea,shire,No Calendar Available,https://lerlysjordan.wixsite.com/innersea/home-1,,2026-06-22,"Duluth, Minnesota",46.783829,-92.105268
Kingdom of Northshield,Shire of Korsvag,shire,No Calendar Listed,https://paulk212.sg-host.com/,,2026-06-22,"Fargo, North Dakota",46.877229,-96.789821
Kingdom of Northshield,Shire of Mare Amethystinum,shire,No Calendar Available,https://mareamethystinum.carrd.co/,,2026-06-22,"Thunder Bay, Ontario, Canada",48.406414,-89.259796
Kingdom of Northshield,Shire of Midewinde,shire,No Calendar Listed,https://www.facebook.com/groups/midewinde/,,2026-06-22,"Minot, North Dakota",48.23251,-101.296273
Kingdom of Northshield,Shire of Rivenwood Tower,shire,https://calendar.google.com/calendar/ical/rivenwoodtower%40gmail.com/public/basic.ics,https://rivenwoodtower.org/,,2026-06-22,"Mankato, Minnesota",44.165853,-94.002801
Kingdom of Northshield,Shire of Rockhaven,shire,No Calendar Listed,https://racuza26.wixsite.com/rockhaven,,2026-06-22,"St. Cloud, Minnesota",45.561608,-94.1642
Kingdom of Northshield,Shire of Rokeclif,shire,No Calendar Listed,https://www.facebook.com/rokeclif/,,2026-06-22,"La Crosse, Wisconsin",43.812284,-91.251435
Kingdom of Northshield,Shire of Schattentor,shire,No Calendar Listed,https://www.facebook.com/p/Shire-of-Schattentor-SCA-100069287614633/,,2026-06-22,"Rapid City, South Dakota",44.080604,-103.228023
Kingdom of Northshield,Shire of Silfren Mere,shire,https://calendar.google.com/calendar/ical/calendar%40silfrenmere.org/public/basic.ics,https://silfrenmere.org/,,2026-06-22,"Rochester, Minnesota",44.023439,-92.463018
Kingdom of Northshield,Shire of Skerjastrond,shire,No Calendar Listed,https://paulk225.sg-host.com/,,2026-06-22,"Hancock, MI",47.1269,-88.581
Kingdom of Northshield,Shire of Trewint,shire,https://calendar.google.com/calendar/ical/aauhvdlm2rpngeghv219d0s4rk%40group.calendar.google.com/public/basic.ics,https://sites.google.com/view/trewint/home,,2026-06-22,"Aberdeen, South Dakota",45.464981,-98.487813
Kingdom of Northshield,Shire of Vilku Urvas,shire,No Calendar Listed,https://sca-northshield.org/vilkuurvas/,,2026-06-22,"Grand Rapids, Minnesota",47.237166,-93.530214
Kingdom of Trimaris,Barony of An Crosaire,barony,https://calendar.google.com/calendar/ical/webminister%40ancrosaire.org/public/basic.ics,https://www.ancrosaire.org/,,2026-06-22,Gainesville / Alachua County,29.651968,-82.324985
Kingdom of Trimaris,Barony of Castlemere,barony,https://calendar.google.com/calendar/ical/baronyofcastlemere%40gmail.com/public/basic.ics,https://www.castlemere.org/,,2026-06-22,Jacksonville / Orange Park,30.186817,-81.705541
Kingdom of Trimaris,Barony of Darkwater,barony,https://calendar.google.com/calendar/ical/webminister%40baronyofdarkwater.org/public/basic.ics,https://www.baronyofdarkwater.org/,,2026-06-22,"Orange, Osceola, Seminole, and Lake County",28.420708,-81.230096
Kingdom of Trimaris,Barony of Oldenfeld,barony,https://calendar.google.com/calendar/ical/oldenfeld%40gmail.com/public/basic.ics,https://www.oldenfeld.org/,,2026-06-22,"Tallahassee, Gadsden, Wakulla",30.370869,-84.496672
Kingdom of Trimaris,Canton Of Brymmestreme (An Crosaire),canton,Practices added manually,https://brymmestreme.ancrosaire.org/home,,2026-06-22,"Columbia, Hamilton, Madison and Suwannee Counties",30.366486,-82.801358
Kingdom of Trimaris,Canton of Amurgorod (An Crosaire),canton,No Calendar Listed,https://www.ocalasca.com/home,,2026-06-22,Levy & Marion County,29.300863,-82.782459
Kingdom of Trimaris,Shire of Sangre del Sol,shire,No Calendar Listed,,https://www.facebook.com/groups/sangre.del.sol/,2026-06-22,Broward County Florida,30.679978,-86.21886
Kingdom of Trimaris,Shire of Sea March,shire,No Calendar Listed,https://www.sea-march.com/,,2026-06-22,Palm Beach County,26.62798,-80.449417
Kingdom of Trimaris,Shire of Southkeep,shire,No Calendar Listed,https://southkeep.trimaris.org/,,2026-06-22,Miami-Dade County / Florida Keys,24.67362,-81.498179
Kingdom of Trimaris,Shire of Tri Os,shire,No Calendar Listed,https://trios.trimaris.org/,,2026-06-22,"Martin, St. Lucie, and Indian Counties",27.067371,-80.399441
Kingdom of Trimaris,Shire of Sudrholt,shire,https://calendar.google.com/calendar/ical/sudrholt.org_d1adj1c6repb9ls22u6jq3lqb4%40group.calendar.google.com/public/basic.ics,https://www.sudrholt.org/events,,,"Clay County, Florida",,
Kingdom of Trimaris,Barony of Marcaster,barony,https://calendar.google.com/calendar/ical/c_4536d12b6f9bfcd89abfce77744e5afc95ae8b8be6b463a48afb56f94bebc35c%40group.calendar.google.com/public/basic.ics,https://www.marcaster.com/,,,"Pinellas County, Florida",,
Kingdom of the East,Barony of An Dubhaigeainn,barony,https://calendar.google.com/calendar/ical/eastkingdom.org_lungjg3alv04p339umsj3og30s%40group.calendar.google.com/public/basic.ics,https://andub.eastkingdom.org,,2026-06-22,"Suffolk County, NY",40.883232,-72.857803
Kingdom of the East,Barony of Bergental,barony,No Calendar Available,https://bergental.eastkingdom.org,,2026-06-22,Western MA,42.378877,-72.032366
Kingdom of the East,Barony of Beyond the Mountain,barony,https://calendar.google.com/calendar/ical/f13a3vbvjqh123cb3c0e2s45mg%40group.calendar.google.com/public/basic.ics,https://bbm.eastkingdom.org,,2026-06-22,"Burlington, Connecticut, USA",41.769,-72.95778
Kingdom of the East,Barony of Bhakail,barony,https://calendar.google.com/calendar/ical/bhakailweb%40gmail.com/public/basic.ics,https://bhakail.eastkingdom.org,,2026-06-22,"Philadelphia, PA; Delaware and South Chester County, PA",40.011454,-75.13265
Kingdom of the East,Bailiwick of Ivyeinrust,college,https://calendar.google.com/calendar/ical/eastkingdom.org_b5nuhi5dqkiuttjhjmj8787h94%40group.calendar.google.com/public/basic.ics,https://ivyeinrust.eastkingdom.org/,,,University of Pennsylvania,39.95325,-75.19384
Kingdom of the East,Barony of Buckland Cross,barony,https://calendar.google.com/calendar/ical/c_d204a5ea77a7d6ac0a47ce4e1f825b662913c514fc623d003acb144139e88533%40group.calendar.google.com/public/basic.ics,https://bucklandcross.eastkingdom.org,,2026-06-22,"Southern Bucks County, PA",40.234412,-75.107
Kingdom of the East,Barony of Carillion,barony,https://calendar.google.com/calendar/ical/97326c1dd1bc2af8ce170557f0f7c8b40fb1c6ce5b342f479b9a92f48e20b6e2%40group.calendar.google.com/public/basic.ics,https://carillion.eastkingdom.org,,2026-06-22,"Monmouth, Ocean, S.Middlesex County, NJ",40.135525,-74.24952
Kingdom of the East,Barony of Carolingia,barony,https://www.google.com/calendar/ical/c_9f2bb029e0685a0401901930b9fe78acf41ca17773ea62c6bb701e5fe17694f7%40group.calendar.google.com/public/basic.ics,https://carolingia.eastkingdom.org,,2026-06-22,"Greater Boston, MA",42.383727,-71.074114
Kingdom of the East,Barony of Concordia of the Snows,barony,https://www.google.com/calendar/ical/ab1ck2oprvq27pcknmug57mhu0%40group.calendar.google.com/public/basic.ics,https://concordia.eastkingdom.org,,2026-06-22,"Albany, NY",42.651167,-73.754968
Kingdom of the East,Barony of Dragonship Haven,barony,https://www.google.com/calendar/ical/c_532d7ba214e09e0cfa6859eaa2535363fca6a18854266d9e0179ae3724075fd8%40group.calendar.google.com/public/basic.ics,https://dragonshiphaven.eastkingdom.org,,2026-06-22,Southwestern CT,41.513465,-73.465732
Kingdom of the East,Barony of Endewearde,barony,No Calendar Listed,https://endewearde.eastkingdom.org,,2026-06-22,Central and Northern Maine,44.801626,-68.771329
Kingdom of the East,Barony of Havre des Glaces,barony,No Calendar Listed,https://havredesglaces.eastkingdom.org,,2026-06-22,NE Quebec Province,41.795781,-72.678929
Kingdom of the East,Barony of Iron Bog,barony,No Calendar Listed,https://ironbog.eastkingdom.org,,2026-06-22,"Camden,Gloucester, S. Burlington, NJ",39.764101,-75.061045
Kingdom of the East,Barony of Ruantallan,barony,https://ruantallan.eastkingdom.org/?ical=1,https://ruantallan.eastkingdom.org,,2026-06-22,"NS & PEI, Canada",46.288542,-63.144594
Kingdom of the East,Barony of Settmour Swamp,barony,No Calendar Listed,https://settmourswamp.eastkingdom.org,,2026-06-22,"Somerset, Morris County, NJ",40.74074,-74.394867
Kingdom of the East,Barony of Smoking Rocks,barony,No Calendar Listed,https://smokingrocks.eastkingdom.org,,2026-06-22,Southeast MA,42.378877,-72.032366
Kingdom of the East,Barony of Stonemarche,barony,No Calendar Listed,https://stonemarche.eastkingdom.org,,2026-06-22,New Hampshire,43.484913,-71.655399
Kingdom of the East,Barony of the Bridge,barony,No Calendar Listed,https://baronyofthebridge.eastkingdom.org,,2026-06-22,RI State,40.760781,-73.950722
Kingdom of the East,Canton of Appleholm,canton,No Calendar Listed,https://appleholm.eastkingdom.org,,2026-06-22,"Manhattan, NYC",40.757955,-73.985532
Kingdom of the East,Canton of Basingestoches,canton,No Calendar Listed,https://basingestoches.eastkingdom.org/,,2026-06-22,Endewearde,,
Kingdom of the East,Canton of Brokenbridge,canton,https://www.google.com/calendar/ical/diii87giqlcb15a1sf66nbsnb0%40group.calendar.google.com/public/basic.ics,https://brokenbridge.eastkingdom.org,,2026-06-22,"Brooklyn, NY",40.652601,-73.949721
Kingdom of the East,Canton of Distant Shore,canton,No Calendar Listed,https://distantshore.eastkingdom.org,,2026-06-22,"NS, Canada",45.19604,-63.165379
Kingdom of the East,Canton of Gryphonwald,canton,No Calendar Listed,https://gryphonwald.eastkingdom.org,,2026-06-22,"Middlesex City, NJ",40.524708,-74.249162
Kingdom of the East,Canton of Hawke's Reache,canton,No Calendar Listed,https://hawkesreache.eastkingdom.org,,2026-06-22,"Western Suffolk County, NY",40.762587,-73.402044
Kingdom of the East,Canton of Lions End,canton,No Calendar Listed,https://lionsend.eastkingdom.org,,2026-06-22,"Nassau County, NY",40.735299,-73.561578
Kingdom of the East,Canton of Midland Vale,canton,No Calendar Listed,https://midlandvale.eastkingdom.org,,2026-06-22,"Sullivan and Orange Counties, NY",41.715631,-74.780432
Kingdom of the East,Canton of Northpass,canton,No Calendar Listed,https://northpass.eastkingdom.org,,2026-06-22,"Putnam & Westchester, NY",41.277271,-73.767177
Kingdom of the East,Canton of Old Stonebridges,canton,https://www.google.com/calendar/ical/eastkingdom.org_r65fh2dk7iqa9g6ueekk28uo54%40group.calendar.google.com/public/basic.ics,https://oldstonebridges.eastkingdom.org/,,2026-06-22,"Rockland County, NY",41.151932,-74.035727
Kingdom of the East,Canton of Seashire,canton,No Calendar Listed,https://seashire.eastkingdom.org,,2026-06-22,"Halifax, NS",44.648618,-63.585949
Kingdom of the East,Canton of Ynys y Gwaun,canton,No Calendar Listed,https://ynysygwaun.eastkingdom.org,,2026-06-22,"PEI, Canada",46.335551,-63.146668
Kingdom of the East,Canton of the Towers,canton,No Calendar Listed,https://towers.eastkingdom.org/,,2026-06-22,Northeast MA,42.378877,-72.032366
Kingdom of the East,Crown Principality of Tir Mara Website Shire of Ar n-Eilean-ne,crown principality,No Calendar Listed,,,2026-06-22,"Newfoundland and Labrador, Canada",53.821733,-61.229553
Kingdom of the East,Province of Malagentia,province,No Calendar Listed,https://malagentia.eastkingdom.org,,2026-06-22,"Southern, ME",43.683271,-70.449683
Kingdom of the East,Province of Østgarðr,province,No Calendar Listed,,,2026-06-22,"Greater NYC, Westchester, and Putnam Counties NY",41.176314,-73.790755
Kingdom of the East,Riding of Giggleswick,riding,No Calendar Listed,https://giggleswick.eastkingdom.org,,2026-06-22,"Southern York County, Maine",43.457305,-70.780649
Kingdom of the East,Riding of Ravensbridge,riding,No Calendar Listed,https://ravensbridge.eastkingdom.org,,2026-06-22,"Augusta, Lewiston, and Auburn ME",44.314803,-69.774394
Kingdom of the East,Shire of Anglespur,shire,No Calendar Listed,https://anglespur.eastkingdom.org,,2026-06-22,"Troy, NY",42.728412,-73.691788
Kingdom of the East,Shire of Avonmore,shire,No Calendar Listed,https://avonmore.eastkingdom.org,,2026-06-22,"New Brunswick, Canada",46.500283,-66.750183
Kingdom of the East,Shire of Barren Sands,shire,No Calendar Listed,https://barrensands.eastkingdom.org,,2026-06-22,"Atlantic, Cape May, Cumberland, Salem County, NJ",39.3364,-74.875608
Kingdom of the East,Shire of Blak Rose,shire,No Calendar Listed,https://blakrose.eastkingdom.org,,2026-06-22,"Camp Hill and Harrisburg, PA",40.24218,-76.900259
Kingdom of the East,Shire of Caer Adamant,shire,https://calendar.google.com/calendar/ical/webcaeradamant%40gmail.com/public/basic.ics,https://caer-adamant.eastkingdom.org,,2026-06-22,State of Delaware,39.158168,-75.524368
Kingdom of the East,Shire of Coill Tuar,shire,No Calendar Listed,https://coilltuar.eastkingdom.org,,2026-06-22,"Southern Ulster County, NY",41.716041,-73.963443
Kingdom of the East,Shire of Coldwood,shire,No Calendar Listed,https://coldwood.eastkingdom.org,,2026-06-22,"Plattsburgh, NY",44.696086,-73.454291
Kingdom of the East,Shire of Eisental,shire,https://www.eisental.eastkingdom.org/feed/eo-events,https://www.eisental.eastkingdom.org,,2026-06-22,"Allentown, Bethlehem, Easton & Reading, PA",40.602255,-75.471611
Kingdom of the East,Shire of Glenn Linn,shire,No Calendar Listed,https://glennlinn.eastkingdom.org,,2026-06-22,"Warren-Washington County, NY",43.402563,-73.584187
Kingdom of the East,Shire of Hadchester,shire,No Calendar Listed,https://hadchester.eastkingdom.org/,,2026-06-22,Mid-coast Maine,43.906566,-69.893015
Kingdom of the East,Shire of Hartshorn-dale,shire,No Calendar Listed,http://hartshorn-dale.eastkingdom.org,,2026-06-22,"Chester-Montgomery,PA",40.143911,-75.511025
Kingdom of the East,Shire of Lyndhaven,shire,No Calendar Listed,https://lyndhaven.eastkingdom.org,,2026-06-22,New Brunswick,46.500283,-66.750183
Kingdom of the East,Shire of Montevale,shire,No Calendar Listed,https://montevale.eastkingdom.org,,2026-06-22,"Fulton, Franklin, Cumberland, PA",39.998686,-77.719636
Kingdom of the East,Shire of Mountain Freehold,shire,No Calendar Listed,https://mountainfreehold.eastkingdom.org,,2026-06-22,Northwestern Vermont,44.807919,-73.071627
Kingdom of the East,Shire of Nordenhalle,shire,No Calendar Listed,https://nordenhal.eastkingdom.org,,2026-06-22,"Kingston, NY",41.928781,-74.002382
Kingdom of the East,Shire of Northern Outpost,shire,No Calendar Listed,https://northernoutpost.eastkingdom.org,,2026-06-22,"Potsdam, NY",44.6698,-74.981335
Kingdom of the East,Shire of Owlsherst,shire,https://www.google.com/calendar/ical/c_msaukb1eicop7tulld2idjg1m4%40group.calendar.google.com/public/basic.ics,https://owlsherst.eastkingdom.org,,2026-06-22,"York, Lancaster, and eastern portions of Adams Counties, PA Crown",40.027105,-76.491813
Kingdom of the East,Shire of Panther Vale,shire,No Calendar Listed,https://panthervale.eastkingdom.org,,2026-06-22,Northeastern Vermont,44.445887,-72.009973
Kingdom of the East,Shire of Quintavia,shire,https://www.google.com/calendar/ical/013sn8fvdtsbvs6f12ngnkhtbs%40group.calendar.google.com/public/basic.ics,https://quintavia.eastkingdom.org,,2026-06-22,"Worcester County, MA",42.370578,-71.867724
Kingdom of the East,Shire of Rusted Woodlands,shire,No Calendar Listed,https://rustedwoodlands.eastkingdom.org,,2026-06-22,"Bergen, Sussex, Passaic County, NJ",41.050603,-74.374682
Kingdom of the Middle,Barony of Andelcrag,barony,No Calendar Available,https://andelcrag.midrealm.org/,,2026-06-22,"Grand Rapids, Michigan",42.963242,-85.667864
Kingdom of the Middle,Barony of Ayreton,barony,No Calendar Listed,https://ayreton.midrealm.org/,,2026-06-22,"Chicago, Illinois",41.875562,-87.624421
Kingdom of the Middle,Barony of Brendoken,barony,https://calendar.google.com/calendar/ical/brendoken.socialmedia%40midrealm.org/public/basic.ics,https://www.brendoken.org/,,2026-06-22,"Akron, Ohio",41.083064,-81.518485
Kingdom of the Middle,Barony of Carraig Ban,barony,https://calendar.google.com/calendar/ical/carraigban.baron%40midrealm.org/public/basic.ics,https://carraigban.midrealm.org/,,2026-06-22,"DeKalb, Illinois",41.890345,-88.771395
Kingdom of the Middle,Barony of Cynnabar,barony,No Calendar Available,https://cynnabar.midrealm.org/,,2026-06-22,"Ann Arbor, Michigan",42.281372,-83.748462
Kingdom of the Middle,Barony of Fenix,barony,No Calendar Available,https://fenix.midrealm.org/,,2026-06-22,"Cincinnati, Ohio",39.101281,-84.512741
Kingdom of the Middle,Barony of Flaming Gryphon,barony,No Calendar Available,https://www.facebook.com/BaronyofFlamingG/,https://www.facebook.com/groups/TheGryphon/,2026-06-22,"Dayton, Ohio",39.758948,-84.191607
Kingdom of the Middle,Barony of Illiton,barony,https://calendar.google.com/calendar/ical/illiton.webminister%40midrealm.org/public/basic.ics,https://illiton.midrealm.org/,,2026-06-22,"Peoria, Illinois",40.693861,-89.589101
Kingdom of the Middle,Barony of North Woods,barony,No Calendar Available,https://northwoods.midrealm.org/,,2026-06-22,"Lansing, Michigan",42.733825,-84.55463
Kingdom of the Middle,Barony of Red Spears,barony,No Calendar Available,https://redspears.midrealm.org/calendar/,,2026-06-22,"Toledo, Ohio",41.652914,-83.537817
Kingdom of the Middle,Barony of Rivenstar,barony,No Calendar Listed,https://rivenstar.midrealm.org/,,2026-06-22,"Lafayette, Indiana",40.419123,-86.891901
Kingdom of the Middle,Barony of Roaring Wastes,barony,No Calendar Listed,https://roaringwastes.org/baronial-calendar-of-events/,,2026-06-22,"Detroit, Michigan",42.331551,-83.04664
Kingdom of the Middle,Barony of Shattered Crystal,barony,No Calendar Available,https://shatteredcrystal.midrealm.org/calendar/,,2026-06-22,"Belleville, Illinois",38.513581,-89.984163
Kingdom of the Middle,Barony of Sternfeld,barony,https://calendar.google.com/calendar/ical/sternfeld.org_a7ne6gf7q9jfrcov5ieev68o5g%40group.calendar.google.com/public/basic.ics,https://sternfeld.midrealm.org/,,2026-06-22,"Indianapolis, Indiana",39.768333,-86.15835
Kingdom of the Middle,Barony of the Cleftlands,barony,No Calendar Available,https://events.cleftlands.org/,,2026-06-22,"Cleveland, Ohio",41.499657,-81.693677
Kingdom of the Middle,Barony of the Flame,barony,https://calendar.google.com/calendar/ical/baronyoftheflame%40gmail.com/public/basic.ics,https://baronyoftheflame.org/,,2026-06-22,"Louisville, Kentucky",38.254238,-85.759407
Kingdom of the Middle,Barony of the Middle Marches,barony,Practices added manually,https://middlemarches.midrealm.org/,https://www.facebook.com/groups/middlemarches/,,Central Ohio,40.1267,-82.9319
Kingdom of the Middle,Canton of Ealdnordwuda,canton,No Calendar Available,https://ealdnordwuda.midrealm.org/,,2026-06-22,"East Lansing, Michigan",42.732031,-84.472168
Kingdom of the Middle,Canton of Hrothgeirsfjordr,canton,No Calendar Listed,https://hrodgeirsfjordr.midrealm.org/,,2026-06-22,"Toledo, Ohio",41.652914,-83.537817
Kingdom of the Middle,Canton of Pferdestadt,canton,No Calendar Listed,https://pferdestadt.midrealm.org/,https://www.facebook.com/groups/177617509247698,2026-06-22,"Delaware, Ohio",40.231769,-82.965104
Kingdom of the Middle,Canton of Rimsholt,canton,No Calendar Available,https://rimsholt.midrealm.org/,,2026-06-22,"Grand Rapids, Michigan",42.963242,-85.667864
Kingdom of the Middle,Canton of Vanished Wood,canton,No Calendar Available,https://vanishedwood.midrealm.org/,,2026-06-22,"Chicago, Illinois",41.875562,-87.624421
Kingdom of the Middle,Canton of Tree-Girt-Sea,province,No Calendar Available,https://treegirtsea.midrealm.org/,,2026-06-22,"Chicago, Illinois",41.875562,-87.624421
Kingdom of the Middle,Riding of Hawkland Moor,riding,No Calendar Available,https://hawklandmoor.midrealm.org/,,2026-06-22,"Rochester Hills, Michigan",42.658366,-83.149932
Kingdom of the Middle,Shire of Dark River,shire,No Calendar Listed,https://darkriver.midrealm.org/,,2026-06-22,"Moline, Illinois",41.505834,-90.513664
Kingdom of the Middle,Shire of Dernehealde,shire,No Calendar Listed,https://dernehealde.midrealm.org/,,2026-06-22,"Athens, Ohio",39.324178,-82.101565
Kingdom of the Middle,Shire of Donnershafen,shire,No Calendar Listed,https://www.midrealm.org/,,2026-06-22,"Traverse City, Michigan",44.760648,-85.616598
Kingdom of the Middle,Shire of Dragonsmark,shire,No Calendar Listed,https://dragonsmark.midrealm.org/,,2026-06-22,"Lexington, Kentucky",38.046407,-84.497039
Kingdom of the Middle,Shire of Falcon's Quarry,shire,No Calendar Listed,https://www.midrealm.org/,,2026-06-22,"Elyria, Ohio",41.367319,-82.107358
Kingdom of the Middle,Shire of Lochmorrow,shire,No Calendar Listed,https://www.midrealm.org/,,2026-06-22,"Peoria, Illinois",40.693861,-89.589101
Kingdom of the Middle,Shire of Mugmort,shire,No Calendar Listed,https://mugmort.midrealm.org/,,2026-06-22,"Lancaster, Ohio",39.713675,-82.599329
Kingdom of the Middle,Shire of Mynydd Seren,shire,No Calendar Listed,https://www.midrealm.org/,,2026-06-22,"Bloomington, Indiana",39.16704,-86.534288
Kingdom of the Middle,Shire of Narrental,shire,No Calendar Listed,https://narrental.midrealm.org/,,2026-06-22,"Logansport, Indiana",40.754238,-86.362519
Kingdom of the Middle,Shire of Ravenslake,shire,No Calendar Listed,https://ravenslake.org/,,2026-06-22,"Crystal Lake, Illinois",42.241134,-88.316197
Kingdom of the Middle,Shire of Rivenvale,shire,https://calendar.google.com/calendar/ical/k2dnert6nh5067snq5h57e8vm4%40group.calendar.google.com/public/basic.ics,https://rivenvale.org/,,2026-06-22,"Youngstown, Ohio",41.103579,-80.652016
Kingdom of the Middle,Shire of Rokkehealden,shire,No Calendar Listed,https://rokkehealden.midrealm.org/,,2026-06-22,"Chicago, Illinois",41.875562,-87.624421
Kingdom of the Middle,Barony of Shadowed Stars,barony,https://calendar.google.com/calendar/ical/c_393f54bd20f4bf28a35be583eb88a317afe5418d277d25f296b2ca4327446e50%40group.calendar.google.com/public/basic.ics,https://shadowedstars.midrealm.org/,,2026-06-22,"Fort Wayne, Indiana",41.07999,-85.138601
Kingdom of the Middle,Shire of Swordcliff,shire,No Calendar Available,https://swordcliff.midrealm.org/,,2026-06-22,"Springfield, Illinois",39.799017,-89.643957
Kingdom of the Middle,Marche of Tirnewydd,shire,No Calendar Available,https://tirnewydd.midrealm.org/,,2026-06-22,"Columbus, OH",39.96226,-83.000707
Kingdom of the Middle,Shire of Caer Gwyn,shire,https://calendar.google.com/calendar/embed?src=6qvfu9tj2q4evup4eevh9pj90s%40group.calendar.google.com&ctz=America%2FChicago ,https://caergwyn.midrealm.org/,,,"Urbana-Champaign, IL",40.113159,-88.211105
Kingdom of the Outlands,Barony of Aarquelle,barony,https://www.google.com/calendar/ical/aarquelle%40gmail.com/public/basic.ics,https://aarquelle.outlands.org,,2026-06-22,"Pueblo, CO",38.263995,-104.614187
Kingdom of the Outlands,Barony of Caer Galen,barony,https://calendar.google.com/calendar/ical/caergalen.org_9ligefbmldnohvbm86fmththt0%40group.calendar.google.com/public/basic.ics,https://caergalen.outlands.org,,2026-06-22,"Boulder, CO",40.014986,-105.270545
Kingdom of the Outlands,Barony of Caerthe,barony,https://calendar.google.com/calendar/ical/caerthe-sca.org_3gm1rj15ppu5i5jlebl8742pig%40group.calendar.google.com/public/basic.ics,https://caerthe.outlands.org,,2026-06-22,"Denver, CO",39.739236,-104.984862
Kingdom of the Outlands,Barony of Dragonsspine,barony,https://calendar.google.com/calendar/ical/s3no443j3h09b97u4kns5mdasg%40group.calendar.google.com/public/basic.ics,https://dragonsspine.outlands.org,,2026-06-22,"Colorado Springs, CO",38.833958,-104.825348
Kingdom of the Outlands,Barony of Unser Hafen,barony,https://calendar.google.com/calendar/ical/5pb6cnjq95h42r903klmf27sqk%40group.calendar.google.com/public/basic.ics,https://unserhafen.outlands.org,,2026-06-22,"Fort Collins, CO",40.587178,-105.077011
Kingdom of the Outlands,Barony of al-Barran,barony,Practices added manually,https://al-barran.outlands.org/,,2026-06-22,"Albuquerque, NM",35.084103,-106.650985
Kingdom of the Outlands,College of Blaiddwyn,college,No Calendar Listed,https://blaiddwyn.unm.edu/,,2026-06-22,"UNM, Albuquerque, NM",35.086633,-106.620209
Kingdom of the Outlands,College of St. Golias,college,No Calendar Listed,http://www.saintgolias.outlands.org/,,2026-06-22,"Socorro, NM",34.057286,-106.89308
Kingdom of the Outlands,Shire of Bryngolau,shire,No Calendar Listed,https://bryngolau.outlands.org,,2026-06-22,"Los Alamos & Espanola, NM",35.984931,-106.080661
Kingdom of the Outlands,Shire of Draca Mor,shire,No Calendar Listed,https://dracamor.outlands.org,,2026-06-22,"Grand Junction, CO",39.067257,-108.56448
Kingdom of the Outlands,Shire of Drygestan,shire,No Calendar Listed,https://drygestan.outlands.org,,2026-06-22,"Santa Fe & Las Vegas, NM",35.593444,-105.230217
Kingdom of the Outlands,Shire of Fontaine dans Sable,shire,No Calendar Listed,https://fontaine.outlands.org,,2026-06-22,"Farmington, NM",36.729115,-108.205445
Kingdom of the Outlands,Shire of Nahrun Kabirun,shire,No Calendar Available,https://nahrun.outlands.org/activities-calendar/,,2026-06-22,"Las Cruces, NM",32.314035,-106.779807
Kingdom of the Outlands,Shire of Rio de las Animas,shire,No Calendar Listed,https://riodelasanimas.wordpress.com/,,2026-06-22,"Durango, CO",37.276948,-107.8766
Kingdom of the Outlands,Shire of White Mountain,shire,https://whitemountain.outlands.org/?ical=1,https://whitemountain.outlands.org,,2026-06-22,"White Sands & Alamogordo, NM",32.838706,-105.989136
Kingdom of the Outlands,Shire of Windkeep,shire,No Calendar Listed,https://windkeep.outlands.org,,2026-06-22,"Cheyenne, WY",41.139981,-104.820246
Kingdom of the West,Barony of Darkwood,barony,https://calendar.google.com/calendar/ical/darkwoodwebcontent%40westkingdom.org/public/basic.ics,https://mists.westkingdom.org/branches-groups/#darkwood,,2026-06-22,"Santa Cruz, California",37.050096,-121.99059
Kingdom of the West,Barony of Eskalya,barony,https://calendar.google.com/calendar/ical/eskalyawebcontent%40westkingdom.org/public/basic.ics,https://sites.google.com/westkingdom.org/eskalya/home/,,2026-06-22,"Anchorage, Alaska",61.216313,-149.894852
Kingdom of the West,Barony of Fettburg,barony,https://calendar.google.com/calendar/ical/fettburgwebcontent%40westkingdom.org/public/basic.ics,https://fettburg.westkingdom.org/,,2026-06-22,"Stockton, California",37.957702,-121.290779
Kingdom of the West,Barony of Rivenoak,barony,https://calendar.google.com/calendar/ical/rivenoakwebcontent%40westkingdom.org/public/basic.ics,http://rivenoak.westkingdom.org/,,2026-06-22,"Chico, California",39.728494,-121.837478
Kingdom of the West,Barony of Selveirgard,barony,https://calendar.google.com/calendar/ical/selviergardwebcontent%40westkingdom.org/public/basic.ics,https://sites.google.com/westkingdom.org/baronyofselviergard/home,,2026-06-22,"Wasilla, Alaska",61.582422,-149.442563
Kingdom of the West,Barony of Westermark,barony,https://calendar.google.com/calendar/ical/westermarkwebcontent%40westkingdom.org/public/basic.ics,https://mists.westkingdom.org/branches-groups/#westermark,,2026-06-22,"Fremont, California",37.54827,-121.988571
Kingdom of the West,Barony of Winter's Gate,barony,https://calendar.google.com/calendar/ical/wintersgatewebcontent%40westkingdom.org/public/basic.ics,http://wintersgate.westkingdom.org/,,2026-06-22,"Fairbanks, Alaska",64.837845,-147.716675
Kingdom of the West,Canton of Hawk's Haven,canton,https://calendar.google.com/calendar/ical/hawkshavenwebcontent%40westkingdom.org/public/basic.ics,https://mists.westkingdom.org/branches-groups/#hawks-haven,,2026-06-22,"Hollister, California",36.852455,-121.401602
Kingdom of the West,Canton of Montagne du Roi,canton,https://calendar.google.com/calendar/ical/mdrwebcontent%40westkingdom.org/public/basic.ics,https://mists.westkingdom.org/branches-groups/#montaigne-du-roi,,2026-06-22,"Monterey, California",36.223108,-121.387742
Kingdom of the West,College of Saint Boniface,college,https://calendar.google.com/calendar/ical/stbonifacewebcontent%40westkingdom.org/public/basic.ics,http://stboniface.westkingdom.org/,,2026-06-22,"Fairbanks, Alaska",64.837845,-147.716675
Kingdom of the West,College of Saint Katherine,college,https://calendar.google.com/calendar/ical/kateswebcontent%40westkingdom.org/public/basic.ics,https://mists.westkingdom.org/branches-groups/#college-of-st-katherine,,2026-06-22,"Berkeley, California",37.870839,-122.272863
Kingdom of the West,College of St. David,college,https://calendar.google.com/calendar/ical/stdavidwebcontent%40westkingdom.org/public/basic.ics,https://mists.westkingdom.org/branches-groups/#college-of-st-davis,,2026-06-22,"Santa Cruz, California",37.050096,-121.99059
Kingdom of the West,Principality of Cynagua,principality,https://calendar.google.com/calendar/ical/cynaguawebcontent%40westkingdom.org/public/basic.ics,http://cynagua.westkingdom.org,,2026-06-22,"Sacramento, California",38.581061,-121.493895
Kingdom of the West,Principality of Oertha,principality,https://calendar.google.com/calendar/ical/oerthawebcontent%40westkingdom.org/public/basic.ics,http://oertha.westkingdom.org,,2026-06-22,"Anchorage, Alaska",61.216313,-149.894852
Kingdom of the West,Principality of the Mists,principality,https://calendar.google.com/calendar/ical/mistsprincipalitywebcontent%40westkingdom.org/public/basic.ics,http://mists.westkingdom.org,,2026-06-22,"San Francisco, California",37.787936,-122.40752
Kingdom of the West,Province of Golden Rivers,province,https://calendar.google.com/calendar/ical/goldenriverswebcontent%40westkingdom.org/public/basic.ics,http://www.goldenrivers.westkingdom.org/,,2026-06-22,"Sacramento, California",38.581061,-121.493895
Kingdom of the West,Province of Silver Desert,province,https://calendar.google.com/calendar/ical/silverdesertwebcontent%40westkingdom.org/public/basic.ics,http://silverdesert.westkingdom.org/,,2026-06-22,"Reno, Nevada",39.526179,-119.812658
Kingdom of the West,Province of Southern Shores,province,https://calendar.google.com/calendar/ical/southernshoreswebcontent%40westkingdom.org/public/basic.ics,https://mists.westkingdom.org/branches-groups/#southern-shores,,2026-06-22,"San Jose, California",37.336166,-121.890591
Kingdom of the West,Province of the Mists,province,https://calendar.google.com/calendar/ical/mistsprovincewebcontent%40westkingdom.org/public/basic.ics,https://mists.westkingdom.org/branches-groups/#province-of-the-mists,,2026-06-22,"Oakland, California",37.804456,-122.271356
Kingdom of the West,Shire of Belogor,shire,https://calendar.google.com/calendar/ical/belogorwebcontent%40westkingdom.org/public/basic.ics,https://www.facebook.com/groups/362341170496533/,,2026-06-22,"Yreka, California",41.732616,-122.637766
Kingdom of the West,Shire of Caldarium,shire,https://calendar.google.com/calendar/ical/caldariumwebcontent%40westkingdom.org/public/basic.ics,https://mists.westkingdom.org/branches-groups/#caldarium,,2026-06-22,"San Rafael, California",37.974779,-122.531669
Kingdom of the West,Shire of Canale,shire,https://calendar.google.com/calendar/ical/canalewebcontent%40westkingdom.org/public/basic.ics,http://canale.westkingdom.org/,,2026-06-22,"Modesto, California",37.639342,-120.996889
Kingdom of the West,Shire of Champclair,shire,https://calendar.google.com/calendar/ical/champclairwebcontent%40westkingdom.org/public/basic.ics,https://www.facebook.com/groups/653122331461417/,,2026-06-22,"Vacaville, California",38.356577,-121.987744
Kingdom of the West,Shire of Cloondara,shire,https://calendar.google.com/calendar/ical/cloondarawebcontent%40westkingdom.org/public/basic.ics,https://mists.westkingdom.org/branches-groups/#cloondara,,2026-06-22,"San Francisco, California",37.787936,-122.40752
Kingdom of the West,Shire of Crosston,shire,https://calendar.google.com/calendar/ical/crosstonwebcontent%40westkingdom.org/public/basic.ics,https://mists.westkingdom.org/branches-groups/#crosston,,2026-06-22,"Sunnyvale, California",37.36883,-122.036349
Kingdom of the West,Shire of Danegeld Tor,shire,https://calendar.google.com/calendar/ical/danegeldtorwebcontent%40westkingdom.org/public/basic.ics,https://danegeldtor.westkingdom.org/,,2026-06-22,"Roseville, California",38.752124,-121.288006
Kingdom of the West,Shire of Earngyld,shire,https://calendar.google.com/calendar/ical/earngyldwebcontent%40westkingdom.org/public/basic.ics,https://sites.google.com/westkingdom.org/earngyld/home/,,2026-06-22,"Juneau, Alaska",58.301961,-134.419675
Kingdom of the West,Shire of Fendrake Marsh,shire,https://calendar.google.com/calendar/ical/fendrakemarshwebcontent%40westkingdom.org/public/basic.ics,https://www.facebook.com/groups/ShireOfFendrakeMarsh/,,2026-06-22,"Fallon, Nevada",39.474517,-118.777895
Kingdom of the West,Shire of Hrafnafjordr,shire,https://calendar.google.com/calendar/ical/hrafnafjordrwebcontent%40westkingdom.org/public/basic.ics,https://www.facebook.com/groups/ravensfjord/,,2026-06-22,"Kenai, Alaska",60.554444,-151.258333
Kingdom of the West,Shire of Mountain's Gate,shire,https://calendar.google.com/calendar/ical/mountainsgatewebcontent%40westkingdom.org/public/basic.ics,http://mountainsgate.westkingdom.org/,,2026-06-22,"Placerville, California",38.729625,-120.798546
Kingdom of the West,Shire of Pavlok Gorod,shire,https://calendar.google.com/calendar/ical/pavlokgarodwebcontent%40westkingdom.org/public/basic.ics,https://sites.google.com/westkingdom.org/pavlokgarod/home,,2026-06-22,"Kodiak, Alaska",57.790166,-152.406707
Kingdom of the West,Shire of Teufelberg,shire,https://calendar.google.com/calendar/ical/teufelbergwebcontent%40westkingdom.org/public/basic.ics,https://mists.westkingdom.org/branches-groups/#teufelberg,,2026-06-22,"Antioch, California",38.00933,-121.810693
Kingdom of the West,Shire of Thistletorr,shire,https://calendar.google.com/calendar/ical/thistletorrwebcontent%40westkingdom.org/public/basic.ics,https://sites.google.com/westkingdom.org/thistletorr-vakkerfjell,,2026-06-22,"Colusa, California",39.146558,-122.220956
Kingdom of the West,Shire of Vakkerfjell,shire,https://calendar.google.com/calendar/ical/vakkerfjellwebcontent%40westkingdom.org/public/basic.ics,https://www.facebook.com/groups/131805570222282/,,2026-06-22,"Marysville, California",39.145725,-121.591352
Kingdom of the West,Shire of Vinhold,shire,https://calendar.google.com/calendar/ical/vinholdwebcontent%40westkingdom.org/public/basic.ics,https://mists.westkingdom.org/branches-groups/#vinhold,,2026-06-22,"Napa, California",38.489868,-122.321841
Kingdom of the West,Shire of Windy Meads,shire,https://calendar.google.com/calendar/ical/windymeadswebcontent%40westkingdom.org/public/basic.ics,https://www.facebook.com/groups/409695855792198,,2026-06-22,"Davis, California",38.543553,-121.739005
Kingdom of the West,Shire of Wolfscairn,shire,https://calendar.google.com/calendar/ical/wolfscairnwebcontent%40westkingdom.org/public/basic.ics,https://mists.westkingdom.org/branches-groups/#wolfscairn,,2026-06-22,"Petaluma, California",38.232583,-122.636465
Kingdom of the West,Barony of the Far West,barony,https://calendar.google.com/calendar/ical/farwestwebcontent%40westkingdom.org/public/basic.ics,https://sites.google.com/westkingdom.org/baronyofthefarwest/home,,,South Korea and Thailand,15.475528,100.956383
Kingdom of the West,Canton of Golden Playne,canton,https://calendar.google.com/calendar/ical/goldenplaynewebcontent%40westkingdom.org/public/basic.ics,https://sites.google.com/westkingdom.org/baronyofthefarwest/groups/canton-of-the-golden-playne?authuser=0,,,Thailand,13.837945,100.401906
Kingdom of the West,Barony of Allyshia,barony,https://calendar.google.com/calendar/ical/allyshiawebcontent%40westkingdom.org/public/basic.ics,https://sites.google.com/westkingdom.org/allyshia/home/,,,"Humboldt County, California",40.8,-123.8
Kingdom of the West,Battle Rock,stronghold,https://calendar.google.com/calendar/ical/battlerockwebcontent%40westkingdom.org/public/basic.ics,https://sites.google.com/westkingdom.org/baronyofthefarwest/home,,,"Okinawa, Japan",26.3344,127.8056
Kingdom of the West,Shire of Bestwode,shire,https://calendar.google.com/calendar/ical/bestwodewebcontent%40westkingdom.org/public/basic.ics,https://sites.google.com/westkingdom.org/bestwodeshire/home,,,,,
Kingdom of the West,Canton of Borderwinds,canton,https://calendar.google.com/calendar/ical/borderwindswebcontent%40westkingdom.org/public/basic.ics,https://borderwinds.westkingdom.org/,,,"Santa Barbara County, California",34.2629,-119.8486
Kingdom of the West,Canton of Caer Darth,canton,https://calendar.google.com/calendar/ical/caerdarthwebcontent%40westkingdom.org/public/basic.ics,https://www.facebook.com/groups/129274067163523/,,,,,
Kingdom of the West,Eternal Winds,stronghold,https://calendar.google.com/calendar/ical/eternalwindswebcontent%40westkingdom.org/public/basic.ics,https://sites.google.com/westkingdom.org/baronyofthefarwest/home,,,"Misawa, Japan",40.6832,141.369
Kingdom of the West,Fortaleza de Islas de las Velas Latinas,stronghold,https://calendar.google.com/calendar/ical/islasdelasvelaswebcontent%40westkingdom.org/public/basic.ics,https://sites.google.com/westkingdom.org/baronyofthefarwest/home,,,Guam and Tinnian,13.3824,144.6973
Kingdom of the West,The Marches,principality,https://calendar.google.com/calendar/ical/marcheswebcontent%40westkingdom.org/public/basic.ics,https://westkingdom.org/groups/the-marches/,,,,,
Kingdom of the West,Shire of Mont d’Or,shire,https://calendar.google.com/calendar/ical/montdorwebcontent%40westkingdom.org/public/basic.ics,https://westkingdom.org/groups/principality-of-cynagua/,,,,,
Kingdom of the West,Shire of Ravenshore,shire,https://calendar.google.com/calendar/ical/ravenshorewebcontent%40westkingdom.org/public/basic.ics,https://sites.google.com/westkingdom.org/shire-of-ravenshore/home,,,"Lake and Mendocino Counties, California",39.147649,-123.102475
Kingdom of the West,College of St Brendan,college,https://calendar.google.com/calendar/ical/stbrendanwebcontent%40westkingdom.org/public/basic.ics,https://westkingdom.org/groups/the-marches/,,,,,
Kingdom of the West,College of St Guinefor,college,https://calendar.google.com/calendar/ical/stguinefortwebcontent%40westkingdom.org/public/basic.ics,https://sites.google.com/westkingdom.org/eskalya/home?authuser=0,,,,,
Kingdom of the West,Barony of Tarnmist,barony,https://calendar.google.com/calendar/ical/tarnmistwebcontent%40westkingdom.org/public/basic.ics,https://tarnmist.westkingdom.org/,,,"San Luis Obispo County, California",35.277323,-120.61781
Kingdom of the West,Vale de Draco,stronghold,https://calendar.google.com/calendar/ical/valededracowebcontent%40westkingdom.org/public/basic.ics,https://www.facebook.com/groups/valededraco/,,,"Tokyo, Japan",35.579847,139.932972
Kingdom of the West,Warriors’ Gate,stronghold,https://calendar.google.com/calendar/ical/warriorsgatewebcontent%40westkingdom.org/public/basic.ics,https://farwest.westkingdom.org/stronghold-of-warriors-gate/,,,South Korea,36.611962,128.145772
Kingdom of Ansteorra,Local Groups AMP Feed,,https://amp.ansteorra.org/gatherings/feed,https://amp.ansteorra.org/gatherings/calendar?year=2026&month=6&view=month,,,No location,,
